Company name,Company domain name,Organization number,Lead score,Lead score reasons,Industry codes (SNI),City,State/Region,Street address,Employee size class,Revenue size class,Data completeness warnings,Lead source,Source retrieved at,Recommended brand,Recommended job,Recommended product,Alternative product,Match confidence,Match evidence,Match status
A & P Arkitektkontor AB,,5565709846,90,Relevant SNI 71110 (+45); Relevant text: arkitekt (+20); Company size indicates purchasing capacity (+20); Recently retrieved source data (+5),71110; 74130,Stockholm,Stockholm,"c/o A&P Arkitektkontor AB, Skeppsbron 44, 111 30, Stockholm",44,101197 kSEK (2025),,Allabolag.se,2026-10-01T10:54:55.691603+00:00,none,,,,low,"No product-job signals in SNI, name, or activity",needs_review
AIX Arkitekter AB,,5563192086,90,Relevant SNI 71110 (+45); Relevant text: arkitekt (+20); Company size indicates purchasing capacity (+20); Recently retrieved source data (+5),71110; 74130,Stockholm,Stockholm,"Hudiksvallsgatan 8, 113 30, Stockholm",93,134402 kSEK (2025),,Allabolag.se,2026-10-01T10:54:35.563436+00:00,none,,,,low,"No product-job signals in SNI, name, or activity",needs_review
Alova Fastighetsteknik AB,,5568087026,90,Relevant SNI 71124 (+45); Relevant text: teknik (+20); Company size indicates purchasing capacity (+20); Recently retrieved source data (+5),68203; 43222; 71124,Stockholm,Stockholm,"Ostmästargränd 10, 120 40, Årsta",180,142407 kSEK (2025),,Allabolag.se,2026-10-01T10:54:35.196647+00:00,norrpoint,Energi och termografi,P2 Vision+,P2,low,Energi och termografi → P2 Vision+ (SNI 71124),matched
Arboga kommunalteknik AB,,5592106446,90,Relevant SNI 71121 (+45); Relevant text: teknik (+20); Company size indicates purchasing capacity (+20); Recently retrieved source data (+5),56222; 71121; 81210; 42110; 68201; 70100; 81300; 68203,Arboga,Västmanland,"Box 45, 732 21, Arboga",130,163821 kSEK (2025),,Allabolag.se,2026-10-01T10:54:16.706491+00:00,norrpoint,Inomhusplanritningar,C1,P2,low,Inomhusplanritningar → C1 (SNI 68201),matched
Arkitekterna Krook & Tjäder i Göteborg AB,,5563408078,90,Relevant SNI 71110 (+45); Relevant text: arkitekt (+20); Company size indicates purchasing capacity (+20); Recently retrieved source data (+5),71110,Göteborg,Västra Götaland,"Prinsgatan 12 5 Tr, 413 05, Göteborg",81,166798 kSEK (2025),,Allabolag.se,2026-10-01T10:54:16.706246+00:00,none,,,,low,"No product-job signals in SNI, name, or activity",needs_review
Automationsteknik i Hässleholm Aktiebolag,,5564991403,90,Relevant SNI 71122 (+45); Relevant text: teknik (+20); Company size indicates purchasing capacity (+20); Recently retrieved source data (+5),33200; 71122,Hässleholm,Skåne,"Norra Kringelvägen 13, 281 41, Hässleholm",57,128738 kSEK (2025),,Allabolag.se,2026-10-01T10:54:36.664897+00:00,norrpoint,Industri och process,P2,S2,low,Industri och process → P2 (SNI 33200),matched
Avvatech Vatten & Miljöteknik AB,,5567388953,90,Relevant SNI 71124 (+45); Relevant text: teknik (+20); Company size indicates purchasing capacity (+20); Recently retrieved source data (+5),42210; 71124,Malmö,Skåne,"Singelgatan 12, 212 28, Malmö",14,172411 kSEK (2025),,Allabolag.se,2026-10-01T10:54:15.757268+00:00,norrpoint,Energi och termografi,P2 Vision+,P2,low,Energi och termografi → P2 Vision+ (SNI 71124),matched
bsv arkitekter & ingenjörer AB,,5566826573,90,"Relevant SNI 71121 (+45); Relevant text: arkitekt, ingenjör (+20); Company size indicates purchasing capacity (+20); Recently retrieved source data (+5)",71121; 71110,Värnamo,Jönköping,"Järnvägsgatan 3, 331 37, Värnamo",73,99839 kSEK (2025),,Allabolag.se,2026-10-01T10:54:56.903791+00:00,none,Allmän mätning,,,low,Allmän mätning needs review (SNI 71121),needs_review
Bulkteknik Sweden AB,,5567696553,90,Relevant SNI 71122 (+45); Relevant text: teknik (+20); Company size indicates purchasing capacity (+20); Recently retrieved source data (+5),71122,Lidköping,Västra Götaland,"Kållandsgatan 20, 531 60, Lidköping",15,130789 kSEK (2025),,Allabolag.se,2026-10-01T10:54:36.154095+00:00,norrpoint,Industri och process,P2,S2,low,Industri och process → P2 (SNI 71122),matched
Byggteknik i Karlstad AB,,5593545154,90,Relevant SNI 71121 (+45); Relevant text: teknik (+20); Company size indicates purchasing capacity (+20); Recently retrieved source data (+5),41000; 71121; 69201,Karlstad,Värmland,"Östanvindsgatan 9, 652 21, Karlstad",39,155732 kSEK (2025),,Allabolag.se,2026-10-01T10:54:25.922808+00:00,none,Allmän mätning,,,low,Allmän mätning needs review (SNI 71121),needs_review
C3S Miljöteknik AB,,5591718340,90,Relevant SNI 71124 (+45); Relevant text: teknik (+20); Company size indicates purchasing capacity (+20); Recently retrieved source data (+5),71124,Helsingborg,Skåne,"La Cours Gata 4, 252 31, Helsingborg",24,104167 kSEK (2025),,Allabolag.se,2026-10-01T10:54:55.691514+00:00,norrpoint,Energi och termografi,P2 Vision+,P2,low,Energi och termografi → P2 Vision+ (SNI 71124),matched
Camatec Industriteknik Aktiebolag,,5564775111,90,Relevant SNI 71122 (+45); Relevant text: teknik (+20); Company size indicates purchasing capacity (+20); Recently retrieved source data (+5),71122,Karlstad,Värmland,"Box 5134, 650 05, Karlstad",75,153311 kSEK (2026),,Allabolag.se,2026-10-01T10:54:25.922954+00:00,norrpoint,Industri och process,P2,S2,high,"Industri och process → P2 (SNI 71122, text: industri)",matched
Elajo El & Energiteknik AB,,5561393884,90,Relevant SNI 71124 (+45); Relevant text: teknik (+20); Company size indicates purchasing capacity (+20); Recently retrieved source data (+5),43210; 27120; 71124; 35140,Oskarshamn,Kalmar,"Förrådsgatan 6, 572 36, Oskarshamn",667,896199 kSEK (2025),,Allabolag.se,2026-10-01T10:53:15.710775+00:00,norrpoint,Energi och termografi,P2 Vision+,P2,low,Energi och termografi → P2 Vision+ (SNI 71124),matched
FOJAB arkitekter AB,,5566896980,90,Relevant SNI 71110 (+45); Relevant text: arkitekt (+20); Company size indicates purchasing capacity (+20); Recently retrieved source data (+5),71110,Malmö,Skåne,"Friisgatan 28, 211 53, Malmö",165,199490 kSEK (2025),,Allabolag.se,2026-10-01T10:54:05.678076+00:00,none,,,,low,"No product-job signals in SNI, name, or activity",needs_review
Höga Kusten Teknik Resurs AB,,5567165641,90,Relevant SNI 71122 (+45); Relevant text: teknik (+20); Company size indicates purchasing capacity (+20); Recently retrieved source data (+5),28990; 71122,Kramfors,Västernorrland,"Svartnora 803, 872 94, Sandöverken",22,92625 kSEK (2025),,Allabolag.se,2026-10-01T10:55:05.685986+00:00,norrpoint,Industri och process,P2,S2,low,Industri och process → P2 (SNI 71122),matched
Ingenjörsfirma G. Hedlund Aktiebolag,,5562115450,90,Relevant SNI 71122 (+45); Relevant text: ingenjör (+20); Company size indicates purchasing capacity (+20); Recently retrieved source data (+5),28420; 71122,Ovanåker,Gävleborg,"Bornvägen 65, 822 30, Alfta",16,108422 kSEK (2025),,Allabolag.se,2026-10-01T10:54:54.818063+00:00,norrpoint,Industri och process,P2,S2,low,Industri och process → P2 (SNI 71122),matched
K3-Elprojektering Aktiebolag,,5565901815,90,Relevant SNI 71123 (+45); Relevant text: projektering (+20); Company size indicates purchasing capacity (+20); Recently retrieved source data (+5),71123,Göteborg,Västra Götaland,"Sven Källfelts Gata 210, 426 71, Västra Frölunda",30,100695 kSEK (2025),,Allabolag.se,2026-10-01T10:54:56.903589+00:00,norrpoint,Elteknik och as-built,P2,P2 Vision+,high,"Elteknik och as-built → P2 (SNI 71123, text: elprojektering)",matched
Kadesjös Ingenjörsbyrå Aktiebolag,,5562535137,90,Relevant SNI 71121 (+45); Relevant text: ingenjör (+20); Company size indicates purchasing capacity (+20); Recently retrieved source data (+5),71121,Västerås,Västmanland,"Iggebygatan 12, 722 20, Västerås",82,120363 kSEK (2025),,Allabolag.se,2026-10-01T10:54:45.540720+00:00,none,Allmän mätning,,,low,Allmän mätning needs review (SNI 71121),needs_review
Liljewall Arkitekter Aktiebolag,,5561450379,90,Relevant SNI 71110 (+45); Relevant text: arkitekt (+20); Company size indicates purchasing capacity (+20); Recently retrieved source data (+5),71110; 74130,Göteborg,Västra Götaland,"Odinsplatsen 1, 411 02, Göteborg",193,247463 kSEK (2025),,Allabolag.se,2026-10-01T10:53:55.342619+00:00,none,,,,low,"No product-job signals in SNI, name, or activity",needs_review
LINK Arkitektur AB,,5562838564,90,Relevant SNI 71110 (+45); Relevant text: arkitekt (+20); Company size indicates purchasing capacity (+20); Recently retrieved source data (+5),71110; 74130,Stockholm,Stockholm,"Virkesvägen 2, 120 31, Stockholm",168,232932 kSEK (2025),,Allabolag.se,2026-10-01T10:53:56.979597+00:00,none,,,,low,"No product-job signals in SNI, name, or activity",needs_review
Miljöteknik Byggentreprenader MT AB,,5561666123,90,Relevant SNI 71121 (+45); Relevant text: teknik (+20); Company size indicates purchasing capacity (+20); Recently retrieved source data (+5),41000; 71121,Östersund,Jämtland,"Rådhusgatan 90 b, 831 57, Östersund",28,191137 kSEK (2025),,Allabolag.se,2026-10-01T10:54:06.644386+00:00,norrpoint,Byggarbetsplats,X1,P2,medium,Byggarbetsplats → X1 (text: entreprenad),matched
"NEKTAB, Nordisk Elkraftteknik AB",,5567311021,90,Relevant SNI 71124 (+45); Relevant text: teknik (+20); Company size indicates purchasing capacity (+20); Recently retrieved source data (+5),71124,Arvika,Värmland,"Korpralsvägen 1 a, 671 34, Arvika",150,408069 kSEK (2025),,Allabolag.se,2026-10-01T10:53:35.553670+00:00,norrpoint,Energi och termografi,P2 Vision+,P2,low,Energi och termografi → P2 Vision+ (SNI 71124),matched
PE Teknik & Arkitektur AB,,5568968308,90,"Relevant SNI 71121 (+45); Relevant text: arkitekt, teknik (+20); Company size indicates purchasing capacity (+20); Recently retrieved source data (+5)",71121; 71123; 71124; 71110; 74130,Stockholm,Stockholm,"Box 34044, 100 26, Stockholm",651,768220 kSEK (2024),,Allabolag.se,2026-10-01T10:53:24.785022+00:00,norrpoint,Energi och termografi,P2 Vision+,P2,low,Energi och termografi → P2 Vision+ (SNI 71124),matched
Projektbyggaren Teknik Syd AB,,5562811280,90,Relevant SNI 71121 (+45); Relevant text: teknik (+20); Company size indicates purchasing capacity (+20); Recently retrieved source data (+5),71121; 71110; 71124,Karlskrona,Blekinge,"Stortorget 10 3tr, 371 13, Karlskrona",59,94810 kSEK (2025),,Allabolag.se,2026-10-01T10:55:04.886062+00:00,norrpoint,Energi och termografi,P2 Vision+,P2,low,Energi och termografi → P2 Vision+ (SNI 71124),matched
"R.L.T, Rör & Lining Teknik AB",,5565564910,90,Relevant SNI 71122 (+45); Relevant text: teknik (+20); Company size indicates purchasing capacity (+20); Recently retrieved source data (+5),25220; 24200; 71122,Karlstad,Värmland,"Gjuterigatan 38 d, 652 21, Karlstad",61,147739 kSEK (2025),,Allabolag.se,2026-10-01T10:54:26.033414+00:00,norrpoint,Industri och process,P2,S2,low,Industri och process → P2 (SNI 71122),matched
Semrén & Månsson Arkitekter AB,,5567483044,90,Relevant SNI 71110 (+45); Relevant text: arkitekt (+20); Company size indicates purchasing capacity (+20); Recently retrieved source data (+5),71110; 74130,Göteborg,Västra Götaland,"Polhemsplatsen 5, 411 11, Göteborg",79,105051 kSEK (2025),,Allabolag.se,2026-10-01T10:54:55.691348+00:00,none,,,,low,"No product-job signals in SNI, name, or activity",needs_review
Svensk Konstruktionstjänst AB,,5566220611,90,Relevant SNI 71122 (+45); Relevant text: konstruktion (+20); Company size indicates purchasing capacity (+20); Recently retrieved source data (+5),71122; 25530,Solna,Stockholm,"Box 4086, 169 04, Solna",69,516492 kSEK (2025),,Allabolag.se,2026-10-01T10:53:25.711374+00:00,norrpoint,Industri och process,P2,S2,low,Industri och process → P2 (SNI 71122),matched
Teodoliten Mätteknik AB,,5563617280,90,Relevant SNI 71121 (+45); Relevant text: teknik (+20); Company size indicates purchasing capacity (+20); Recently retrieved source data (+5),71121; 70100,Varberg,Halland,"Kardanvägen 21, 432 32, Varberg",92,136692 kSEK (2024),,Allabolag.se,2026-10-01T10:54:35.563067+00:00,none,Allmän mätning,,,low,Allmän mätning needs review (SNI 71121),needs_review
VBK Konsulterande ingenjörer AB,,5566086103,90,Relevant SNI 71121 (+45); Relevant text: ingenjör (+20); Company size indicates purchasing capacity (+20); Recently retrieved source data (+5),71121,Göteborg,Västra Götaland,"Lilla Bommen 3 c, 411 04, Göteborg",102,140566 kSEK (2025),,Allabolag.se,2026-10-01T10:54:35.196718+00:00,none,Allmän mätning,,,low,Allmän mätning needs review (SNI 71121),needs_review
White arkitekter Aktiebolag,,5561401018,90,Relevant SNI 71110 (+45); Relevant text: arkitekt (+20); Company size indicates purchasing capacity (+20); Recently retrieved source data (+5),71110; 74130,Göteborg,Västra Götaland,"Box 2502, 403 17, Göteborg",431,655175 kSEK (2024),,Allabolag.se,2026-10-01T10:53:25.448193+00:00,none,,,,low,"No product-job signals in SNI, name, or activity",needs_review
1KOMMA5 Sverige AB,,5590692900,70,Relevant SNI 71124 (+45); Company size indicates purchasing capacity (+20); Recently retrieved source data (+5),71124,Malmö,Skåne,"Hyllie Boulevard 21, 215 32, Malmö",81,371496 kSEK (2025),,Allabolag.se,2026-10-01T10:53:45.022149+00:00,norrpoint,Energi och termografi,P2 Vision+,P2,low,Energi och termografi → P2 Vision+ (SNI 71124),matched
2xA Entreprenad AB,,5569818445,70,Relevant SNI 71121 (+45); Company size indicates purchasing capacity (+20); Recently retrieved source data (+5),41000; 71121,Sundbyberg,Stockholm,"c/o ALM EQUITY AB, Landsvägen 52 Vån 9, 172 63, Sundbyberg",33,866117 kSEK (2025),,Allabolag.se,2026-10-01T10:53:24.784333+00:00,norrpoint,Byggarbetsplats,X1,P2,medium,Byggarbetsplats → X1 (text: entreprenad),matched
AB Evelko,,5569749137,70,Relevant SNI 71121 (+45); Company size indicates purchasing capacity (+20); Recently retrieved source data (+5),43222; 43210; 71121; 43221; 81100,Uppsala,Uppsala,"Stålgatan 19, 754 50, Uppsala",40,96963 kSEK (2025),,Allabolag.se,2026-10-01T10:54:57.017336+00:00,none,Allmän mätning,,,low,Allmän mätning needs review (SNI 71121),needs_review
AB Franska Bukten,,5567567945,70,Relevant SNI 71124 (+45); Company size indicates purchasing capacity (+20); Recently retrieved source data (+5),43222; 71124,Stockholm,Stockholm,"Johan Skyttes Väg 192 Ög, 125 34, Älvsjö",49,92259 kSEK (2025),,Allabolag.se,2026-10-01T10:55:05.686123+00:00,norrpoint,Energi och termografi,P2 Vision+,P2,low,Energi och termografi → P2 Vision+ (SNI 71124),matched
AB Yllw,,5593178584,70,Relevant SNI 71121 (+45); Company size indicates purchasing capacity (+20); Recently retrieved source data (+5),46150; 70200; 68320; 71121,Stockholm,Stockholm,"Riddargatan 7, 114 35, Stockholm",13,383043 kSEK (2024),,Allabolag.se,2026-10-01T10:53:35.699289+00:00,norrpoint,Inomhusplanritningar,C1,P2,low,Inomhusplanritningar → C1 (SNI 68320),matched
ABAX Sweden AB,,5568273600,70,Relevant SNI 71123 (+45); Company size indicates purchasing capacity (+20); Recently retrieved source data (+5),71123,Stockholm,Stockholm,"Franzéngatan 3-5, 112 51, Stockholm",24,155313 kSEK (2025),,Allabolag.se,2026-10-01T10:54:25.922881+00:00,norrpoint,Elteknik och as-built,P2,P2 Vision+,low,Elteknik och as-built → P2 (SNI 71123),matched
ABB E-mobility AB,,5593266355,70,Relevant SNI 71122 (+45); Company size indicates purchasing capacity (+20); Recently retrieved source data (+5),71122,Västerås,Västmanland,"c/o ABB AB, 721 71, Västerås",15,91537 kSEK (2025),,Allabolag.se,2026-10-01T10:55:05.686371+00:00,norrpoint,Industri och process,P2,S2,low,Industri och process → P2 (SNI 71122),matched
ABEKA El & Kraftanläggningar Aktiebolag,,5565157012,70,Relevant SNI 71123 (+45); Company size indicates purchasing capacity (+20); Recently retrieved source data (+5),42221; 71123,Nyköping,Södermanland,"Norrköpingsvägen 5 a, 611 38, Nyköping",51,490616 kSEK (2025),,Allabolag.se,2026-10-01T10:53:34.961505+00:00,norrpoint,Elteknik och as-built,P2,P2 Vision+,low,Elteknik och as-built → P2 (SNI 71123),matched
Abilia Aktiebolag,,5561803296,70,Relevant SNI 71122 (+45); Company size indicates purchasing capacity (+20); Recently retrieved source data (+5),46460; 71122,Solna,Stockholm,"Råsundavägen 4, 169 67, Solna",74,418879 kSEK (2025),,Allabolag.se,2026-10-01T10:53:35.341667+00:00,norrpoint,Industri och process,P2,S2,low,Industri och process → P2 (SNI 71122),matched
Above Agency AB,,5590875901,70,Relevant SNI 71122 (+45); Company size indicates purchasing capacity (+20); Recently retrieved source data (+5),74110; 71122,Stockholm,Stockholm,"Grev Turegatan 1, 114 21, Stockholm",140,231125 kSEK (2024),,Allabolag.se,2026-10-01T10:53:56.979698+00:00,norrpoint,Industri och process,P2,S2,low,Industri och process → P2 (SNI 71122),matched
Actemium Electro AB,,5566013933,70,Relevant SNI 71123 (+45); Company size indicates purchasing capacity (+20); Recently retrieved source data (+5),43210; 71123,Stenungsund,Västra Götaland,"Vallenvägen 7, 444 60, Stora Höga",51,153101 kSEK (2025),,Allabolag.se,2026-10-01T10:54:26.032911+00:00,norrpoint,Elteknik och as-built,P2,P2 Vision+,low,Elteknik och as-built → P2 (SNI 71123),matched
Actia Nordic AB,,5563507028,70,Relevant SNI 71122 (+45); Company size indicates purchasing capacity (+20); Recently retrieved source data (+5),62100; 71122; 71200; 46649; 52260; 46720; 26300,Linköping,Östergötland,"Datalinjen 3 b, 583 30, Linköping",78,346467 kSEK (2025),,Allabolag.se,2026-10-01T10:53:45.022511+00:00,norrpoint,Industri och process,P2,S2,low,Industri och process → P2 (SNI 71122),matched
Adderalink AB,,5568025083,70,Relevant SNI 71121 (+45); Company size indicates purchasing capacity (+20); Recently retrieved source data (+5),41000; 68120; 43999; 31002; 71121,Linköping,Östergötland,"Torvingegatan 20, 582 78, Linköping",47,147948 kSEK (2025),,Allabolag.se,2026-10-01T10:54:26.033351+00:00,none,Allmän mätning,,,low,Allmän mätning needs review (SNI 71121),needs_review
Advantek Group AB,,5591191274,70,Relevant SNI 71122 (+45); Company size indicates purchasing capacity (+20); Recently retrieved source data (+5),71122,Linköping,Östergötland,"Fridtunagatan 16, 582 13, Linköping",65,91805 kSEK (2025),,Allabolag.se,2026-10-01T10:55:05.686249+00:00,norrpoint,Industri och process,P2,S2,low,Industri och process → P2 (SNI 71122),matched
AECOM Nordic AB,,5566481189,70,Relevant SNI 71129 (+45); Company size indicates purchasing capacity (+20); Recently retrieved source data (+5),71129,Stockholm,Stockholm,"Klarabergsviadukten 63, 111 64, Stockholm",25,254723 kSEK (2025),,Allabolag.se,2026-10-01T10:53:55.341884+00:00,none,,,,low,"No product-job signals in SNI, name, or activity",needs_review
Aenigma AB,,5563149102,70,Relevant SNI 71124 (+45); Company size indicates purchasing capacity (+20); Recently retrieved source data (+5),71124; 71121; 71122; 70100,Solna,Stockholm,"Gårdsvägen 6, 169 70, Solna",88,173635 kSEK (2024),,Allabolag.se,2026-10-01T10:54:15.757157+00:00,norrpoint,Energi och termografi,P2 Vision+,P2,low,Energi och termografi → P2 Vision+ (SNI 71124),matched
Aerzen Scandinavia AB,,5565746061,70,Relevant SNI 71122 (+45); Company size indicates purchasing capacity (+20); Recently retrieved source data (+5),46141; 71122,Kungälv,Västra Götaland,"Arntorpsgatan 20, 442 45, Kungälv",20,185918 kSEK (2024),,Allabolag.se,2026-10-01T10:54:14.835761+00:00,norrpoint,Industri och process,P2,S2,low,Industri och process → P2 (SNI 71122),matched
Affärsverken Karlskrona Aktiebolag,,5560494733,70,Relevant SNI 71124 (+45); Company size indicates purchasing capacity (+20); Recently retrieved source data (+5),38110; 35300; 43120; 71124; 70100; 61100; 50301; 50302; 81100,Karlskrona,Blekinge,"Box 530, 371 23, Karlskrona",215,805559 kSEK (2025),,Allabolag.se,2026-10-01T10:53:24.784808+00:00,norrpoint,Energi och termografi,P2 Vision+,P2,low,Energi och termografi → P2 Vision+ (SNI 71124),matched
AFRY Digital Solutions AB,,5568664444,70,Relevant SNI 71122 (+45); Company size indicates purchasing capacity (+20); Recently retrieved source data (+5),71122; 71129; 62201; 71123,Solna,Stockholm,"Frösundaleden 2 e, 169 75, Solna",1266,2683178 kSEK (2025),,Allabolag.se,2026-10-01T10:53:05.706996+00:00,norrpoint,Industri och process,P2,S2,low,Industri och process → P2 (SNI 71122),matched
AFRY Infrastructure AB,,5561852103,70,Relevant SNI 71129 (+45); Company size indicates purchasing capacity (+20); Recently retrieved source data (+5),71129; 71124; 71123; 71121; 71110; 70200,Solna,Stockholm,"Frösundaleden 2 a, 169 75, Solna",2777,3870160 kSEK (2025),,Allabolag.se,2026-10-01T10:53:05.573293+00:00,norrpoint,Energi och termografi,P2 Vision+,P2,low,Energi och termografi → P2 Vision+ (SNI 71124),matched
AFRY Sweden AB,,5562248012,70,Relevant SNI 71122 (+45); Company size indicates purchasing capacity (+20); Recently retrieved source data (+5),71122; 71129; 71123; 27120; 71124,Solna,Stockholm,"169 99, Stockholm",3080,6527443 kSEK (2025),,Allabolag.se,2026-10-01T10:53:05.360206+00:00,,,,,,,
AirSon Engineering AB,,5591939235,70,Relevant SNI 71124 (+45); Company size indicates purchasing capacity (+20); Recently retrieved source data (+5),71124,Ängelholm,Skåne,"Metallgatan 33, 262 72, Ängelholm",39,346375 kSEK (2024),,Allabolag.se,2026-10-01T10:53:45.022548+00:00,,,,,,,
Aktiebolaget Evert Lindelöf Inredningsservice,,5560713462,70,Relevant SNI 71124 (+45); Company size indicates purchasing capacity (+20); Recently retrieved source data (+5),46471; 71124,Stockholm,Stockholm,"Box 17502, 118 91, Stockholm",16,165234 kSEK (2026),,Allabolag.se,2026-10-01T10:54:16.706328+00:00,,,,,,,
Aktiebolaget Styrhytten,,5563299642,70,Relevant SNI 71121 (+45); Company size indicates purchasing capacity (+20); Recently retrieved source data (+5),43120; 71121,Södertälje,Stockholm,"Box 19195, 152 28, Södertälje",65,238496 kSEK (2025),,Allabolag.se,2026-10-01T10:53:56.527011+00:00,,,,,,,
Aktiebolaget Svensk Byggtjänst,,5560339938,70,Relevant SNI 71121 (+45); Company size indicates purchasing capacity (+20); Recently retrieved source data (+5),71121; 58110; 82300,Stockholm,Stockholm,"Malmskillnadsgatan 36, 111 57, Stockholm",105,191221 kSEK (2025),,Allabolag.se,2026-10-01T10:54:06.644376+00:00,,,,,,,
Aktiebolaget Volvo Penta,,5560341330,70,Relevant SNI 71122 (+45); Company size indicates purchasing capacity (+20); Recently retrieved source data (+5),46649; 71122; 28110; 70100; 29102,Göteborg,Västra Götaland,"405 08, Göteborg",1261,14627435 kSEK (2025),,Allabolag.se,2026-10-01T10:53:05.211015+00:00,,,,,,,
Aleido Sweden AB,,5562410638,70,Relevant SNI 71129 (+45); Company size indicates purchasing capacity (+20); Recently retrieved source data (+5),71129; 71122,Göteborg,Västra Götaland,"Lindholmsallén 2, 417 55, Göteborg",286,424197 kSEK (2025),,Allabolag.se,2026-10-01T10:53:35.341161+00:00,,,,,,,
ALS Scandinavia Aktiebolag,,5565718318,70,Relevant SNI 71129 (+45); Company size indicates purchasing capacity (+20); Recently retrieved source data (+5),71200; 71129,Luleå,Norrbotten,"Aurorum 10, 977 75, Luleå",323,586999 kSEK (2025),,Allabolag.se,2026-10-01T10:53:25.548222+00:00,,,,,,,
Alstra Energy AB,,5567801336,70,Relevant SNI 71124 (+45); Company size indicates purchasing capacity (+20); Recently retrieved source data (+5),71124,Stockholm,Stockholm,"Ynglingagatan 14, 113 47, Stockholm",48,124101 kSEK (2025),,Allabolag.se,2026-10-01T10:54:44.780238+00:00,,,,,,,
Alstra Energy Services AB,,5568941941,70,Relevant SNI 71124 (+45); Company size indicates purchasing capacity (+20); Recently retrieved source data (+5),43210; 46502; 71124,Stockholm,Stockholm,"Ynglingagatan 14 1tr, 113 47, Stockholm",72,357196 kSEK (2025),,Allabolag.se,2026-10-01T10:53:45.022436+00:00,,,,,,,
Alten Sverige Aktiebolag,,5564207453,70,Relevant SNI 71123 (+45); Company size indicates purchasing capacity (+20); Recently retrieved source data (+5),71123; 74110; 62201; 71129; 71121; 71122,Göteborg,Västra Götaland,"Kämpegatan 10, 411 04, Göteborg",1194,1247045 kSEK (2024),,Allabolag.se,2026-10-01T10:53:15.514136+00:00,,,,,,,
Andritz Aktiebolag,,5560398207,70,Relevant SNI 71122 (+45); Company size indicates purchasing capacity (+20); Recently retrieved source data (+5),25630; 46649; 28140; 74110; 28990; 71122,Örnsköldsvik,Västernorrland,"Box 29, 891 21, Örnsköldsvik",368,2193229 kSEK (2024),,Allabolag.se,2026-10-01T10:53:05.707323+00:00,,,,,,,
Anno 1698 AB,,5590586805,70,Relevant SNI 71121 (+45); Company size indicates purchasing capacity (+20); Recently retrieved source data (+5),42120; 71121; 77320,Ludvika,Dalarna,"Box 2, 771 53, Ludvika",37,97870 kSEK (2025),,Allabolag.se,2026-10-01T10:54:57.017262+00:00,,,,,,,
Anticimex Aktiebolag,,5560329285,70,Relevant SNI 71121 (+45); Company size indicates purchasing capacity (+20); Recently retrieved source data (+5),81230; 71121; 81221; 70100,Stockholm,Stockholm,"Box 47025, 100 74, Stockholm",528,1365278 kSEK (2025),,Allabolag.se,2026-10-01T10:53:15.355653+00:00,,,,,,,
APP Start-Up Aktiebolag,,5565141008,70,Relevant SNI 71122 (+45); Company size indicates purchasing capacity (+20); Recently retrieved source data (+5),71122; 68202,Nacka,Stockholm,"Hesselmans Torg 5, 131 54, Nacka",68,137355 kSEK (2025),,Allabolag.se,2026-10-01T10:54:35.562934+00:00,,,,,,,
Aprilice AB,,5568927080,70,Relevant SNI 71124 (+45); Company size indicates purchasing capacity (+20); Recently retrieved source data (+5),46502; 71124,Sollentuna,Stockholm,"Norrvikenleden 97, 192 78, Sollentuna",62,922749 kSEK (2024),,Allabolag.se,2026-10-01T10:53:15.710655+00:00,,,,,,,
AQ Engineering AB,,5566228697,70,Relevant SNI 71122 (+45); Company size indicates purchasing capacity (+20); Recently retrieved source data (+5),71122,Göteborg,Västra Götaland,"c/o AQ Group AB, Regattagatan 29, 723 48, Västerås",70,93675 kSEK (2025),,Allabolag.se,2026-10-01T10:55:04.886192+00:00,,,,,,,
AQ Plast AB,,5564972239,70,Relevant SNI 71122 (+45); Company size indicates purchasing capacity (+20); Recently retrieved source data (+5),22260; 25530; 27330; 22210; 71122,Västerås,Västmanland,"c/o AQ Group AB, Regattagatan 29, 723 48, Västerås",124,326117 kSEK (2025),,Allabolag.se,2026-10-01T10:53:45.394274+00:00,,,,,,,
Aquasvea AB,,5567925887,70,Relevant SNI 71124 (+45); Company size indicates purchasing capacity (+20); Recently retrieved source data (+5),71124,Danderyd,Stockholm,"Svärdvägen 27, 182 33, Danderyd",19,118265 kSEK (2024),,Allabolag.se,2026-10-01T10:54:45.540831+00:00,,,,,,,
Aquatech International AB,,5594472820,70,Relevant SNI 71121 (+45); Company size indicates purchasing capacity (+20); Recently retrieved source data (+5),71121,Göteborg,Västra Götaland,"c/o Unexa AB, Nya Tingstadsgatan 1, 422 44, Hisings Backa",10-19,198470 kSEK (2024),,Allabolag.se,2026-10-01T10:54:05.678117+00:00,,,,,,,
Arkitema AB,,5561626150,70,Relevant SNI 71110 (+45); Company size indicates purchasing capacity (+20); Recently retrieved source data (+5),71110,Solna,Stockholm,"Solna Strandväg 74, 171 54, Solna",109,123153 kSEK (2024),,Allabolag.se,2026-10-01T10:54:44.780413+00:00,,,,,,,
Arton:1 Projekt AB,,5590538228,70,Relevant SNI 71121 (+45); Company size indicates purchasing capacity (+20); Recently retrieved source data (+5),43320; 71121,Örebro,Örebro,"Slöjdgatan 8, 703 83, Örebro",42,104934 kSEK (2025),,Allabolag.se,2026-10-01T10:54:55.691383+00:00,,,,,,,
Asko Appliances AB,,5565779054,70,Relevant SNI 71122 (+45); Company size indicates purchasing capacity (+20); Recently retrieved source data (+5),71122; 46431,Lidköping,Västra Götaland,"Sockerbruksgatan 3, 531 40, Lidköping",77,132000 kSEK (2024),,Allabolag.se,2026-10-01T10:54:36.154027+00:00,,,,,,,
AstaZero AB,,5568024946,70,Relevant SNI 71129 (+45); Company size indicates purchasing capacity (+20); Recently retrieved source data (+5),72109; 71129,Borås,Västra Götaland,"c/o RISE Research Institutes of Sweden AB, Box 857, 501 15, Borås",51,183020 kSEK (2025),,Allabolag.se,2026-10-01T10:54:15.445793+00:00,,,,,,,
ASTEK SWEDEN AB,,5562274000,70,Relevant SNI 71122 (+45); Company size indicates purchasing capacity (+20); Recently retrieved source data (+5),71122,Mölndal,Västra Götaland,"Ragnar Thorngrens Gata 2, 431 45, Mölndal",151,184700 kSEK (2025),,Allabolag.se,2026-10-01T10:54:14.835823+00:00,,,,,,,
Automations Partner i Helsingborg Aktiebolag,,5564391323,70,Relevant SNI 71122 (+45); Company size indicates purchasing capacity (+20); Recently retrieved source data (+5),71122; 28990,Helsingborg,Skåne,"Kastellgatan 4, 254 66, Helsingborg",55,193747 kSEK (2025),,Allabolag.se,2026-10-01T10:54:06.644352+00:00,,,,,,,
Avalon Innovation Technology AB,,5565464525,70,Relevant SNI 71129 (+45); Company size indicates purchasing capacity (+20); Recently retrieved source data (+5),71129; 71122,Karlshamn,Blekinge,"Pirgatan 13, 374 35, Karlshamn",71,161034 kSEK (2025),,Allabolag.se,2026-10-01T10:54:25.373532+00:00,,,,,,,
AVENT Drift & Innemiljö AB,,5565679072,70,Relevant SNI 71124 (+45); Company size indicates purchasing capacity (+20); Recently retrieved source data (+5),43222; 33200; 71124,Kalmar,Kalmar,"Flottiljvägen 2, 392 41, Kalmar",63,137917 kSEK (2025),,Allabolag.se,2026-10-01T10:54:35.562799+00:00,,,,,,,
AVL MTC Motortestcenter AB,,5565481867,70,Relevant SNI 71122 (+45); Company size indicates purchasing capacity (+20); Recently retrieved source data (+5),71200; 71122,Haninge,Stockholm,"Box 223, 136 23, Haninge",258,448509 kSEK (2024),,Allabolag.se,2026-10-01T10:53:35.340669+00:00,,,,,,,
Avonova Hälsa AB,,5565006821,70,Relevant SNI 71124 (+45); Company size indicates purchasing capacity (+20); Recently retrieved source data (+5),86212; 86999; 71124; 96230; 70100; 68203,Stockholm,Stockholm,"Klarabergsviadukten 90 b Plan 9, 111 64, Stockholm",549,845549 kSEK (2025),,Allabolag.se,2026-10-01T10:53:24.784500+00:00,,,,,,,
B&R Industrial Automation AB,,5566373675,70,Relevant SNI 71123 (+45); Company size indicates purchasing capacity (+20); Recently retrieved source data (+5),71123; 62100,Malmö,Skåne,"Hyllie Allé 31, 215 33, Malmö",43,260066 kSEK (2025),,Allabolag.se,2026-10-01T10:53:54.769330+00:00,,,,,,,
Barsebäck Kraft Aktiebolag,,5560945197,70,Relevant SNI 71121 (+45); Company size indicates purchasing capacity (+20); Recently retrieved source data (+5),71121,Kävlinge,Skåne,"Box 524, 246 25, Löddeköpinge",51,1137357 kSEK (2025),,Allabolag.se,2026-10-01T10:53:15.514555+00:00,,,,,,,
Beijer Industri AB,,5560311549,70,Relevant SNI 71122 (+45); Company size indicates purchasing capacity (+20); Recently retrieved source data (+5),46860; 46649; 46820; 46850; 46620; 71122; 46141,Malmö,Skåne,"Jägershillgatan 16, 213 75, Malmö",35,261235 kSEK (2024),,Allabolag.se,2026-10-01T10:53:54.769263+00:00,,,,,,,
Bengt Dahlgren Brand & Risk AB,,5567267488,70,Relevant SNI 71121 (+45); Company size indicates purchasing capacity (+20); Recently retrieved source data (+5),71121,Mölndal,Västra Götaland,"Krokslätts Fabriker 52, 431 37, Mölndal",132,208296 kSEK (2025),,Allabolag.se,2026-10-01T10:54:05.410305+00:00,,,,,,,
Bengt Dahlgren Göteborg AB,,5562859370,70,Relevant SNI 71124 (+45); Company size indicates purchasing capacity (+20); Recently retrieved source data (+5),71124,Mölndal,Västra Götaland,"Krokslätts Fabriker 52, 431 37, Mölndal",141,229303 kSEK (2025),,Allabolag.se,2026-10-01T10:53:56.979759+00:00,,,,,,,
Bengt Dahlgren Stockholm Aktiebolag,,5561500751,70,Relevant SNI 71124 (+45); Company size indicates purchasing capacity (+20); Recently retrieved source data (+5),71124,Stockholm,Stockholm,"Textilgatan 43, 120 30, Stockholm",161,254979 kSEK (2025),,Allabolag.se,2026-10-01T10:53:55.341806+00:00,,,,,,,
Bergab-Berggeologiska Undersökningar Aktiebolag,,5561732396,70,Relevant SNI 71121 (+45); Company size indicates purchasing capacity (+20); Recently retrieved source data (+5),71121,Göteborg,Västra Götaland,"Stampgatan 15, 416 64, Göteborg",118,164469 kSEK (2025),,Allabolag.se,2026-10-01T10:54:16.706406+00:00,,,,,,,
Bertin Exensor AB,,5562964618,70,Relevant SNI 71123 (+45); Company size indicates purchasing capacity (+20); Recently retrieved source data (+5),71123,Lund,Skåne,"Hedvig Möllers Gata 12, 223 55, Lund",55,418092 kSEK (2025),,Allabolag.se,2026-10-01T10:53:35.553392+00:00,,,,,,,
Bilfinger Sweden AB,,5566816111,70,Relevant SNI 71122 (+45); Company size indicates purchasing capacity (+20); Recently retrieved source data (+5),43240; 33120; 71122; 25530; 70100,Kungälv,Västra Götaland,"Rattgatan 4, 442 40, Kungälv",677,1215791 kSEK (2025),,Allabolag.se,2026-10-01T10:53:15.514315+00:00,,,,,,,
Bioteria Technologies AB,,5567130264,70,Relevant SNI 71121 (+45); Company size indicates purchasing capacity (+20); Recently retrieved source data (+5),46842; 71121,Täby,Stockholm,"Tumstocksvägen 13 a, 187 66, Täby",60,136214 kSEK (2024),,Allabolag.se,2026-10-01T10:54:35.563130+00:00,,,,,,,
Biototal Norden AB,,5568010325,70,Relevant SNI 71129 (+45); Company size indicates purchasing capacity (+20); Recently retrieved source data (+5),71129; 38214,Linköping,Östergötland,"Klustervägen 13, 585 76, Vreta Kloster",38,163967 kSEK (2024),,Allabolag.se,2026-10-01T10:54:16.706443+00:00,,,,,,,
Bjelin Viken AB,,5563651255,70,Relevant SNI 71121 (+45); Company size indicates purchasing capacity (+20); Recently retrieved source data (+5),16210; 71121,Höganäs,Skåne,"Prästavägen 513, 263 64, Viken",171,757924 kSEK (2024),,Allabolag.se,2026-10-01T10:53:24.785086+00:00,,,,,,,
Bjerking AB,,5563755478,70,Relevant SNI 71121 (+45); Company size indicates purchasing capacity (+20); Recently retrieved source data (+5),71121,Uppsala,Uppsala,"Box 1351, 751 43, Uppsala",441,621861 kSEK (2025),,Allabolag.se,2026-10-01T10:53:25.548134+00:00,,,,,,,
BK Tech Energy AB,,5563052892,70,Relevant SNI 71124 (+45); Company size indicates purchasing capacity (+20); Recently retrieved source data (+5),71124,Mönsterås,Kalmar,"Traversvägen 11, 384 31, Blomstermåla",15,218671 kSEK (2025),,Allabolag.se,2026-10-01T10:54:05.410109+00:00,,,,,,,
Blue Partner AB,,5590301890,70,Relevant SNI 71122 (+45); Company size indicates purchasing capacity (+20); Recently retrieved source data (+5),71122; 71121; 71123; 71124; 71129,Västervik,Kalmar,"Rutsbergsgatan 50, 593 38, Västervik",56,104609 kSEK (2025),,Allabolag.se,2026-10-01T10:54:55.691418+00:00,,,,,,,
Brandskyddslaget AB,,5566340278,70,Relevant SNI 71121 (+45); Company size indicates purchasing capacity (+20); Recently retrieved source data (+5),71121,Stockholm,Stockholm,"Långholmsgatan 27, 117 33, Stockholm",94,175888 kSEK (2025),,Allabolag.se,2026-10-01T10:54:15.446081+00:00,,,,,,,
Bravida Sverige AB,,5561974188,70,Relevant SNI 71122 (+45); Company size indicates purchasing capacity (+20); Recently retrieved source data (+5),43221; 43210; 43222; 43223; 35300; 82200; 46649; 71122; 43240; 80090; 33110; 95220; 71124; 27110; 47541; 47552; 41000; 43229; 43120,Stockholm,Stockholm,"126 81, Stockholm",5139,11000889 kSEK (2025),,Allabolag.se,2026-10-01T10:53:05.360045+00:00,,,,,,,
Briab Group AB,,5566307657,70,Relevant SNI 71121 (+45); Company size indicates purchasing capacity (+20); Recently retrieved source data (+5),71121,Stockholm,Stockholm,"Maria Skolgata 83, 118 53, Stockholm",115,160842 kSEK (2025),,Allabolag.se,2026-10-01T10:54:25.373605+00:00,,,,,,,
Bruks Siwertell AB,,5568512908,70,Relevant SNI 71122 (+45); Company size indicates purchasing capacity (+20); Recently retrieved source data (+5),71122; 46649,Bjuv,Skåne,"Box 566, 267 25, Bjuv",108,670851 kSEK (2025),,Allabolag.se,2026-10-01T10:53:25.448160+00:00,,,,,,,
BST Brandskyddsteamet AB,,5568790512,70,Relevant SNI 71121 (+45); Company size indicates purchasing capacity (+20); Recently retrieved source data (+5),43221; 71121,Stockholm,Stockholm,"A045, 190 91, Rosersberg",356,1184923 kSEK (2024),,Allabolag.se,2026-10-01T10:53:15.514356+00:00,,,,,,,
BT Nordics Sweden AB,,5566054945,70,Relevant SNI 71129 (+45); Company size indicates purchasing capacity (+20); Recently retrieved source data (+5),61100; 71129,Stockholm,Stockholm,"c/o BDO SWEDEN, Skatteavdelning Box 6343, 102 35, Stockholm",11,160918 kSEK (2025),,Allabolag.se,2026-10-01T10:54:25.373570+00:00,,,,,,,
BUKO Trafik Säkerhet AB,,5591608780,70,Relevant SNI 71121 (+45); Company size indicates purchasing capacity (+20); Recently retrieved source data (+5),71121,Sollentuna,Stockholm,"Staffans Väg 7, 192 78, Sollentuna",136,404572 kSEK (2025),,Allabolag.se,2026-10-01T10:53:35.554917+00:00,,,,,,,
BYGG R1 AB,,5566165253,70,Relevant SNI 71121 (+45); Company size indicates purchasing capacity (+20); Recently retrieved source data (+5),41000; 71121,Huddinge,Stockholm,"Dalhemsvägen 47, 141 46, Huddinge",63,551987 kSEK (2025),,Allabolag.se,2026-10-01T10:53:25.711265+00:00,,,,,,,
Bygging-Uddemann Aktiebolag,,5563000040,70,Relevant SNI 71121 (+45); Company size indicates purchasing capacity (+20); Recently retrieved source data (+5),71121; 77320; 28920; 28220,Stockholm,Stockholm,"Gustavslundsvägen 145, 167 51, Bromma",22,101707 kSEK (2025),,Allabolag.se,2026-10-01T10:54:55.691573+00:00,,,,,,,
Byggmästarna i Nyköping Aktiebolag,,5565844502,70,Relevant SNI 71121 (+45); Company size indicates purchasing capacity (+20); Recently retrieved source data (+5),41000; 71121; 43999,Nyköping,Södermanland,"Box 501, 611 10, Nyköping",44,167315 kSEK (2025),,Allabolag.se,2026-10-01T10:54:16.706196+00:00,,,,,,,
Byggsystem Öresund AB,,5565654356,70,Relevant SNI 71121 (+45); Company size indicates purchasing capacity (+20); Recently retrieved source data (+5),71121,Malmö,Skåne,"Vattenverksvägen 64, 212 43, Malmö",21,102089 kSEK (2025),,Allabolag.se,2026-10-01T10:54:55.691542+00:00,,,,,,,
C3C Engineering AB,,5567620082,70,Relevant SNI 71122 (+45); Company size indicates purchasing capacity (+20); Recently retrieved source data (+5),71122,Växjö,Kronoberg,"Honnörsgatan 14, 352 36, Växjö",21,218660 kSEK (2024),,Allabolag.se,2026-10-01T10:54:05.410139+00:00,,,,,,,
Calderys Nordic AB,,5560129800,70,Relevant SNI 71122 (+45); Company size indicates purchasing capacity (+20); Recently retrieved source data (+5),23200; 23999; 71122; 46831; 70100; 43999,Höganäs,Skåne,"Box 216, 263 23, Höganäs",199,752185 kSEK (2025),,Allabolag.se,2026-10-01T10:53:25.447758+00:00,,,,,,,
Calluna AB,,5565750675,70,Relevant SNI 71124 (+45); Company size indicates purchasing capacity (+20); Recently retrieved source data (+5),71124; 72109,Nacka,Stockholm,"Hästholmsvägen 32, 131 30, Nacka",192,104404 kSEK (2025),,Allabolag.se,2026-10-01T10:54:55.691484+00:00,,,,,,,
Car-O-Liner Group AB,,5566957675,70,Relevant SNI 71122 (+45); Company size indicates purchasing capacity (+20); Recently retrieved source data (+5),26510; 46641; 71122; 70100,Kungsör,Västmanland,"Granlidsvägen 4, 736 32, Kungsör",225,840808 kSEK (2025),,Allabolag.se,2026-10-01T10:53:24.784584+00:00,,,,,,,
Caverion Sverige AB,,5560528753,70,Relevant SNI 71124 (+45); Company size indicates purchasing capacity (+20); Recently retrieved source data (+5),43222; 43210; 43223; 81100; 43240; 22210; 70100; 27120; 68203; 71124; 43221,Stockholm,Stockholm,"Västberga Allé 1, 126 30, Hägersten",1390,3319636 kSEK (2025),,Allabolag.se,2026-10-01T10:53:05.573330+00:00,,,,,,,
Checkwatt AB,,5568249014,70,Relevant SNI 71124 (+45); Company size indicates purchasing capacity (+20); Recently retrieved source data (+5),46641; 62100; 72109; 71124,Danderyd,Stockholm,"Gamlestadsvägen 18 b, 415 02, Göteborg",58,277179 kSEK (2024),,Allabolag.se,2026-10-01T10:53:45.687672+00:00,,,,,,,
City El & Data i Väst AB,,5564012473,70,Relevant SNI 71123 (+45); Company size indicates purchasing capacity (+20); Recently retrieved source data (+5),43210; 71123,Göteborg,Västra Götaland,"Britta Sahlgrens Gata 5, 421 31, Västra Frölunda",40,115665 kSEK (2025),,Allabolag.se,2026-10-01T10:54:46.045764+00:00,,,,,,,
Clinton Mätkonsult Aktiebolag,,5563810158,70,Relevant SNI 71129 (+45); Company size indicates purchasing capacity (+20); Recently retrieved source data (+5),71129,Stockholm,Stockholm,"Förmansvägen 11, 117 59, Stockholm",63,130758 kSEK (2025),,Allabolag.se,2026-10-01T10:54:36.154127+00:00,,,,,,,
Collen Aktiebolag,,5591161061,70,Relevant SNI 71121 (+45); Company size indicates purchasing capacity (+20); Recently retrieved source data (+5),71121,Gävle,Gävleborg,"Södra Skeppsbron 17, 802 87, Gävle",148,11196015 kSEK (2025),,Allabolag.se,2026-10-01T10:53:05.359942+00:00,,,,,,,
Combitech Aktiebolag,,5562186790,70,Relevant SNI 71122 (+45); Company size indicates purchasing capacity (+20); Recently retrieved source data (+5),62201; 71122; 71129; 74120; 62100; 74300; 30320; 71200,Växjö,Kronoberg,"Ljungadalsgatan 2 b, 352 46, Växjö",2203,4754858 kSEK (2025),,Allabolag.se,2026-10-01T10:53:05.360368+00:00,,,,,,,
Consat Engineering Aktiebolag,,5562828862,70,Relevant SNI 71122 (+45); Company size indicates purchasing capacity (+20); Recently retrieved source data (+5),71122,Partille,Västra Götaland,"Ögärdesvägen 19 a, 433 30, Partille",112,155509 kSEK (2025),,Allabolag.se,2026-10-01T10:54:25.922834+00:00,,,,,,,
Consat Telematics AB,,5567480453,70,Relevant SNI 71122 (+45); Company size indicates purchasing capacity (+20); Recently retrieved source data (+5),71122,Partille,Västra Götaland,"Ögärdesvägen 19 a, 433 30, Partille",104,278936 kSEK (2025),,Allabolag.se,2026-10-01T10:53:45.687641+00:00,,,,,,,
Consto AB,,5565294443,70,Relevant SNI 71121 (+45); Company size indicates purchasing capacity (+20); Recently retrieved source data (+5),41000; 71121,Karlstad,Värmland,"Kulinggatan 7, 652 21, Karlstad",173,1796013 kSEK (2025),,Allabolag.se,2026-10-01T10:53:14.976151+00:00,,,,,,,
Construction King Consulting AB,,5593877722,70,Relevant SNI 71121 (+45); Company size indicates purchasing capacity (+20); Recently retrieved source data (+5),43320; 41000; 71121,Sundsvall,Västernorrland,"Gärdevägen 9 b, 856 50, Sundsvall",35,116393 kSEK (2025),,Allabolag.se,2026-10-01T10:54:45.540970+00:00,,,,,,,
COOR Service Management Aktiebolag,,5560846783,70,Relevant SNI 71122 (+45); Company size indicates purchasing capacity (+20); Recently retrieved source data (+5),81210; 81100; 82100; 82300; 18130; 68320; 68203; 68202; 74990; 82200; 71122; 69201; 81221; 78202; 52249; 53201; 56110,Solna,Stockholm,"Mathildatorget 9, 169 75, Solna",4044,5491812 kSEK (2025),,Allabolag.se,2026-10-01T10:53:05.360249+00:00,,,,,,,
Corema Svets & Industriprodukter AB,,5560724824,70,Relevant SNI 71122 (+45); Company size indicates purchasing capacity (+20); Recently retrieved source data (+5),46649; 85599; 71122; 77390,Partille,Västra Götaland,"Laxfiskevägen 26, 433 38, Partille",17,133191 kSEK (2025),,Allabolag.se,2026-10-01T10:54:36.153957+00:00,,,,,,,
Coromatic AB,,5565786414,70,Relevant SNI 71122 (+45); Company size indicates purchasing capacity (+20); Recently retrieved source data (+5),71122; 43223; 46649; 27110; 33140,Stockholm,Stockholm,"Köpsvängen 10, 168 67, Bromma",471,1552686 kSEK (2025),,Allabolag.se,2026-10-01T10:53:14.976293+00:00,,,,,,,
COWI AB,,5562049501,70,Relevant SNI 71121 (+45); Company size indicates purchasing capacity (+20); Recently retrieved source data (+5),71121; 71124; 71129; 71122; 71123,Göteborg,Västra Götaland,"Vikingsgatan 3, 411 04, Göteborg",611,1163603 kSEK (2025),,Allabolag.se,2026-10-01T10:53:15.514520+00:00,,,,,,,
Cyclife Sweden AB,,5590192455,70,Relevant SNI 71129 (+45); Company size indicates purchasing capacity (+20); Recently retrieved source data (+5),38220; 39000; 71129; 24520,Nyköping,Södermanland,"Box 610, 611 10, Nyköping",220,444379 kSEK (2025),,Allabolag.se,2026-10-01T10:53:35.340954+00:00,,,,,,,
D-Flow Technology Aktiebolag,,5566581848,70,Relevant SNI 71122 (+45); Company size indicates purchasing capacity (+20); Recently retrieved source data (+5),71122,Luleå,Norrbotten,"Gammelstadsvägen 5 b, 972 41, Luleå",46,122832 kSEK (2025),,Allabolag.se,2026-10-01T10:54:44.780472+00:00,,,,,,,
DBOB AB,,5590386578,70,Relevant SNI 71121 (+45); Company size indicates purchasing capacity (+20); Recently retrieved source data (+5),41000; 71121,Gagnef,Dalarna,"Älvuddsvägen 29, 785 61, Djurås",24,96054 kSEK (2025),,Allabolag.se,2026-10-01T10:54:57.017474+00:00,,,,,,,
Dcos Sweden AB,,5566540208,70,Relevant SNI 71122 (+45); Company size indicates purchasing capacity (+20); Recently retrieved source data (+5),28990; 71122,Mark,Västra Götaland,"Häggåstrandsvägen 5, 511 41, Kinna",21,105699 kSEK (2025),,Allabolag.se,2026-10-01T10:54:54.818547+00:00,,,,,,,
DevPort Väst AB,,5567434724,70,Relevant SNI 71122 (+45); Company size indicates purchasing capacity (+20); Recently retrieved source data (+5),71122,Göteborg,Västra Götaland,"Lindholmsallén 10, 417 55, Göteborg",96,238131 kSEK (2025),,Allabolag.se,2026-10-01T10:53:56.527028+00:00,,,,,,,
Devport Winning Solution AB,,5590705678,70,Relevant SNI 71122 (+45); Company size indicates purchasing capacity (+20); Recently retrieved source data (+5),71122,Göteborg,Västra Götaland,"Lindholmsallén 10, 417 55, Göteborg",104,116214 kSEK (2025),,Allabolag.se,2026-10-01T10:54:46.045530+00:00,,,,,,,
DNV Sweden AB,,5564503836,70,Relevant SNI 71124 (+45); Company size indicates purchasing capacity (+20); Recently retrieved source data (+5),71200; 71124; 62201,Solna,Stockholm,"Box 6046, 171 06, Solna",55,172931 kSEK (2025),,Allabolag.se,2026-10-01T10:54:15.757231+00:00,,,,,,,
DynaMate Aktiebolag,,5565289286,70,Relevant SNI 71122 (+45); Company size indicates purchasing capacity (+20); Recently retrieved source data (+5),33200; 33120; 25110; 71122; 33190,Södertälje,Stockholm,"Box 3, 151 21, Södertälje",131,188578 kSEK (2025),,Allabolag.se,2026-10-01T10:54:06.644435+00:00,,,,,,,
Ebab Projektutveckling AB,,5560920075,70,Relevant SNI 71121 (+45); Company size indicates purchasing capacity (+20); Recently retrieved source data (+5),71121,Stockholm,Stockholm,"Pastellvägen 6, 121 36, Johanneshov",51,170140 kSEK (2025),,Allabolag.se,2026-10-01T10:54:15.757372+00:00,,,,,,,
ECARX Sweden AB,,5592817992,70,Relevant SNI 71122 (+45); Company size indicates purchasing capacity (+20); Recently retrieved source data (+5),71122; 46502,Göteborg,Västra Götaland,"Pumpgatan 1, 417 55, Göteborg",48,234777 kSEK (2024),,Allabolag.se,2026-10-01T10:53:56.979559+00:00,,,,,,,
Eccoci AB,,5569481350,70,Relevant SNI 71122 (+45); Company size indicates purchasing capacity (+20); Recently retrieved source data (+5),78202; 71122; 78201; 71129; 62201,Stockholm,Stockholm,"Kivra 5569481350, 106 31, Stockholm",75,110280 kSEK (2025),,Allabolag.se,2026-10-01T10:54:46.758786+00:00,,,,,,,
Ecogain Aktiebolag,,5567616668,70,Relevant SNI 71124 (+45); Company size indicates purchasing capacity (+20); Recently retrieved source data (+5),71124; 71129; 72109; 70200,Nacka,Stockholm,"Hästholmsvägen 32, 131 30, Nacka",75,108674 kSEK (2025),,Allabolag.se,2026-10-01T10:54:46.758962+00:00,,,,,,,
EcoKraft Sverige AB,,5567626691,70,Relevant SNI 71124 (+45); Company size indicates purchasing capacity (+20); Recently retrieved source data (+5),46502; 43210; 71124,Eskilstuna,Södermanland,"Strandgatan 5, 633 43, Eskilstuna",43,135668 kSEK (2025),,Allabolag.se,2026-10-01T10:54:35.563254+00:00,,,,,,,
EDAG Engineering Scandinavia AB,,5564207065,70,Relevant SNI 71122 (+45); Company size indicates purchasing capacity (+20); Recently retrieved source data (+5),71122,Göteborg,Västra Götaland,"Eriksbergstorget 11, 417 64, Göteborg",82,146198 kSEK (2025),,Allabolag.se,2026-10-01T10:54:26.770580+00:00,,,,,,,
Edekyl & Värme AB,,5561910554,70,Relevant SNI 71124 (+45); Company size indicates purchasing capacity (+20); Recently retrieved source data (+5),43221; 43223; 43222; 71124,Örebro,Örebro,"Verkstadsgatan 1, 702 27, Örebro",94,272781 kSEK (2025),,Allabolag.se,2026-10-01T10:53:54.768706+00:00,,,,,,,
Edgeware AB,,5566917554,70,Relevant SNI 71123 (+45); Company size indicates purchasing capacity (+20); Recently retrieved source data (+5),71123,Stockholm,Stockholm,"Hantverkargatan 25, 112 21, Stockholm",30,125954 kSEK (2024),,Allabolag.se,2026-10-01T10:54:36.665027+00:00,,,,,,,
EFLA AB,,5569701187,70,Relevant SNI 71121 (+45); Company size indicates purchasing capacity (+20); Recently retrieved source data (+5),71121,Sundbyberg,Stockholm,"Löfströms Allé 5, 172 66, Sundbyberg",11,100124 kSEK (2025),,Allabolag.se,2026-10-01T10:54:56.903674+00:00,,,,,,,
Eitech Electro AB,,5564690732,70,Relevant SNI 71123 (+45); Company size indicates purchasing capacity (+20); Recently retrieved source data (+5),43210; 71123; 80090,Örebro,Örebro,"Elementvägen 10, 702 27, Örebro",310,897403 kSEK (2025),,Allabolag.se,2026-10-01T10:53:15.710734+00:00,,,,,,,
Eitech Engineering AB,,5563274314,70,Relevant SNI 71123 (+45); Company size indicates purchasing capacity (+20); Recently retrieved source data (+5),71123,Umeå,Västerbotten,"Box 3152, 903 04, Umeå",152,1842342 kSEK (2025),,Allabolag.se,2026-10-01T10:53:14.976058+00:00,,,,,,,
Elektro-Emanuel AB,,5565369138,70,Relevant SNI 71123 (+45); Company size indicates purchasing capacity (+20); Recently retrieved source data (+5),43210; 27120; 71123; 47811; 43240,Varberg,Halland,"Västra Ringvägen 5, 432 67, Veddige",82,161120 kSEK (2025),,Allabolag.se,2026-10-01T10:54:25.373488+00:00,,,,,,,
Elektroautomatik i Sverige AB,,5561001008,70,Relevant SNI 71122 (+45); Company size indicates purchasing capacity (+20); Recently retrieved source data (+5),71122; 71123; 71124; 28220; 33120; 71129,Göteborg,Västra Götaland,"Kärrlyckegatan 20 b, 418 78, Göteborg",193,583731 kSEK (2024),,Allabolag.se,2026-10-01T10:53:25.548232+00:00,,,,,,,
Element Materials Technology AB,,5560970187,70,Relevant SNI 71122 (+45); Company size indicates purchasing capacity (+20); Recently retrieved source data (+5),71200; 71122,Linköping,Östergötland,"Box 1340, 581 13, Linköping",115,219699 kSEK (2025),,Allabolag.se,2026-10-01T10:54:05.409881+00:00,,,,,,,
ELU Konsult Aktiebolag,,5563410421,70,Relevant SNI 71121 (+45); Company size indicates purchasing capacity (+20); Recently retrieved source data (+5),71121,Stockholm,Stockholm,"Box 27006, 102 51, Stockholm",233,399311 kSEK (2025),,Allabolag.se,2026-10-01T10:53:35.555013+00:00,,,,,,,
ELVA ProcessAutomation AB,,5567090617,70,Relevant SNI 71124 (+45); Company size indicates purchasing capacity (+20); Recently retrieved source data (+5),71124; 71122; 85594; 25220,Motala,Östergötland,"Medevivägen 81, 591 50, Motala",11,186315 kSEK (2025),,Allabolag.se,2026-10-01T10:54:14.835638+00:00,,,,,,,
Emtunga Solutions AB,,5566239652,70,Relevant SNI 71121 (+45); Company size indicates purchasing capacity (+20); Recently retrieved source data (+5),25110; 71121; 70100,Göteborg,Västra Götaland,"Johan På Gårdas Gata 5, 412 50, Göteborg",53,221532 kSEK (2024),,Allabolag.se,2026-10-01T10:54:04.805773+00:00,,,,,,,
Eneas Services AB,,5568994015,70,Relevant SNI 71124 (+45); Company size indicates purchasing capacity (+20); Recently retrieved source data (+5),71124,Mölndal,Västra Götaland,"Norra Ågatan 40 a, 431 35, Mölndal",19,187179 kSEK (2024),,Allabolag.se,2026-10-01T10:54:14.835450+00:00,,,,,,,
Energifabriken i Sverige AB,,5566989793,70,Relevant SNI 71124 (+45); Company size indicates purchasing capacity (+20); Recently retrieved source data (+5),46810; 46850; 71124,Linköping,Östergötland,"Gjuterigatan 1 d, 582 73, Linköping",30,1278561 kSEK (2025),,Allabolag.se,2026-10-01T10:53:15.355829+00:00,,,,,,,
Energiforsk AB,,5569742116,70,Relevant SNI 71124 (+45); Company size indicates purchasing capacity (+20); Recently retrieved source data (+5),72109; 71124; 47123,Stockholm,Stockholm,"101 53, Stockholm",18,104468 kSEK (2024),,Allabolag.se,2026-10-01T10:54:55.691452+00:00,,,,,,,
EnSuCon AB,,5591613608,70,Relevant SNI 71124 (+45); Company size indicates purchasing capacity (+20); Recently retrieved source data (+5),70200; 71124; 74990,Lund,Skåne,"Stortorget 6, 222 23, Lund",69,93292 kSEK (2025),,Allabolag.se,2026-10-01T10:55:04.886384+00:00,,,,,,,
Envac Sweden Aktiebolag,,5563381176,70,Relevant SNI 71123 (+45); Company size indicates purchasing capacity (+20); Recently retrieved source data (+5),71123; 43240; 38220; 71124,Nacka,Stockholm,"Sicklastråket 3, 131 54, Nacka",103,341264 kSEK (2025),,Allabolag.se,2026-10-01T10:53:45.393844+00:00,,,,,,,
EnviDan AB,,5566665468,70,Relevant SNI 71121 (+45); Company size indicates purchasing capacity (+20); Recently retrieved source data (+5),71121; 71124,Helsingborg,Skåne,"Box 7004, 254 42, Helsingborg",97,299918 kSEK (2025),,Allabolag.se,2026-10-01T10:53:45.584547+00:00,,,,,,,
Environmental Construction Projects AirTech AB,,5590505342,70,Relevant SNI 71124 (+45); Company size indicates purchasing capacity (+20); Recently retrieved source data (+5),71124,Gävle,Gävleborg,"c/o Kalle Nilsson, Box 975, 801 33, Gävle",20,100837 kSEK (2025),,Allabolag.se,2026-10-01T10:54:56.903547+00:00,,,,,,,
EnviroProcess Sweden AB,,5562752898,70,Relevant SNI 71121 (+45); Company size indicates purchasing capacity (+20); Recently retrieved source data (+5),46649; 71121,Kungsbacka,Halland,"Borgås Gårdsväg 9, 434 39, Kungsbacka",90,433239 kSEK (2025),,Allabolag.se,2026-10-01T10:53:35.341086+00:00,,,,,,,
Enwell AB,,5569384307,70,Relevant SNI 71124 (+45); Company size indicates purchasing capacity (+20); Recently retrieved source data (+5),43221; 43223; 43210; 71124; 43222; 42210,Stockholm,Stockholm,"Förmansvägen 11, 117 59, Stockholm",40,253862 kSEK (2025),,Allabolag.se,2026-10-01T10:53:55.341919+00:00,,,,,,,
Epical Sweden AB,,5565818613,70,Relevant SNI 71122 (+45); Company size indicates purchasing capacity (+20); Recently retrieved source data (+5),62201; 71122; 63100; 70200; 62100,Stockholm,Stockholm,"Sveavägen 13, 111 57, Stockholm",215,384922 kSEK (2025),,Allabolag.se,2026-10-01T10:53:35.699248+00:00,,,,,,,
Eskilstuna Strängnäs Energi och Miljö Aktiebolag,,5569357501,70,Relevant SNI 71124 (+45); Company size indicates purchasing capacity (+20); Recently retrieved source data (+5),38110; 36000; 35140; 38120; 71124; 37000; 43221; 70100; 38220; 43210; 71200; 35300,Eskilstuna,Södermanland,"Kungsgatan 86, 632 21, Eskilstuna",596,1996569 kSEK (2025),,Allabolag.se,2026-10-01T10:53:14.975762+00:00,,,,,,,
Essiq AB,,5566746250,70,Relevant SNI 71122 (+45); Company size indicates purchasing capacity (+20); Recently retrieved source data (+5),71122,Mölndal,Västra Götaland,"Bifrostgatan 50 d, 431 44, Mölndal",140,227647 kSEK (2025),,Allabolag.se,2026-10-01T10:53:56.979818+00:00,,,,,,,
ETCON El och Styr entreprenader AB,,5565628228,70,Relevant SNI 71123 (+45); Company size indicates purchasing capacity (+20); Recently retrieved source data (+5),43210; 71123,Stockholm,Stockholm,"Byängsgränd 8 2tr, 120 40, Årsta",32,91865 kSEK (2025),,Allabolag.se,2026-10-01T10:55:05.686186+00:00,,,,,,,
Etteplan Sweden AB,,5565260592,70,Relevant SNI 71122 (+45); Company size indicates purchasing capacity (+20); Recently retrieved source data (+5),71122; 71129; 62100; 71123; 62201; 71200,Västerås,Västmanland,"Östra Ringvägen 2 Plan a, 722 14, Västerås",648,940862 kSEK (2025),,Allabolag.se,2026-10-01T10:53:15.710569+00:00,,,,,,,
Euro.J.Crane AB,,5567867709,70,Relevant SNI 71129 (+45); Company size indicates purchasing capacity (+20); Recently retrieved source data (+5),71129; 77320; 43120,Håbo,Uppsala,"Kalmarleden 40, 746 37, Bålsta",33,406087 kSEK (2022),,Allabolag.se,2026-10-01T10:53:35.554885+00:00,,,,,,,
Eurocon Engineering AB,,5563843407,70,Relevant SNI 71122 (+45); Company size indicates purchasing capacity (+20); Recently retrieved source data (+5),71122,Örnsköldsvik,Västernorrland,"Box 279, 891 26, Örnsköldsvik",187,322590 kSEK (2025),,Allabolag.se,2026-10-01T10:53:45.394331+00:00,,,,,,,
Euroroc AB,,5591958532,70,Relevant SNI 71129 (+45); Company size indicates purchasing capacity (+20); Recently retrieved source data (+5),43120; 71129; 77320,Stockholm,Stockholm,"Österlånggatan 33 Nb, 111 31, Stockholm",34,301275 kSEK (2022),,Allabolag.se,2026-10-01T10:53:45.584453+00:00,,,,,,,
Evolent AB,,5592212616,70,Relevant SNI 71121 (+45); Company size indicates purchasing capacity (+20); Recently retrieved source data (+5),71121; 71122; 70200,Örebro,Örebro,"Gamlavägen 9 a, 702 27, Örebro",22,225153 kSEK (2022),,Allabolag.se,2026-10-01T10:54:04.805595+00:00,,,,,,,
EWG Recycling AB,,5566033162,70,Relevant SNI 71124 (+45); Company size indicates purchasing capacity (+20); Recently retrieved source data (+5),38220; 38110; 38215; 71124,Norrköping,Östergötland,"Box 443, 601 05, Norrköping",35,131986 kSEK (2024),,Allabolag.se,2026-10-01T10:54:36.154062+00:00,,,,,,,
Exact Svenska Mätcenter AB,,5565117891,70,Relevant SNI 71121 (+45); Company size indicates purchasing capacity (+20); Recently retrieved source data (+5),71121; 70100,Örebro,Örebro,"Gustavsviksvägen 7, 702 44, Örebro",93,174205 kSEK (2025),,Allabolag.se,2026-10-01T10:54:15.757077+00:00,,,,,,,
Expleo Technology Nordic AB,,5567243869,70,Relevant SNI 71122 (+45); Company size indicates purchasing capacity (+20); Recently retrieved source data (+5),71122,Göteborg,Västra Götaland,"Hvitfeldtsplatsen 4, 411 20, Göteborg",106,162689 kSEK (2025),,Allabolag.se,2026-10-01T10:54:25.373357+00:00,,,,,,,
Fastec AB,,5566528120,70,Relevant SNI 71121 (+45); Company size indicates purchasing capacity (+20); Recently retrieved source data (+5),41000; 71121,Skellefteå,Västerbotten,"Box 709, 931 27, Skellefteå",14,208149 kSEK (2025),,Allabolag.se,2026-10-01T10:54:05.410335+00:00,,,,,,,
Ferla Energy AB,,5566138367,70,Relevant SNI 71124 (+45); Company size indicates purchasing capacity (+20); Recently retrieved source data (+5),71124,Nacka,Stockholm,"Marcusplatsen 1 b Plan 2, 131 54, Nacka",37,143016 kSEK (2025),,Allabolag.se,2026-10-01T10:54:26.771356+00:00,,,,,,,
Ferroamp AB (publ),,5568057029,70,Relevant SNI 71123 (+45); Company size indicates purchasing capacity (+20); Recently retrieved source data (+5),46141; 71123,Sundbyberg,Stockholm,"Odlingsgatan 7 b, 174 53, Sundbyberg",51,140467 kSEK (2025),,Allabolag.se,2026-10-01T10:54:35.196750+00:00,,,,,,,
Finspångs Tekniska Verk Aktiebolag,,5560458811,70,Relevant SNI 71122 (+45); Company size indicates purchasing capacity (+20); Recently retrieved source data (+5),37000; 35300; 38110; 36000; 70100; 42210; 71122; 81300,Finspång,Östergötland,"c/o Finspångs kommun, 612 80, Finspång",68,284902 kSEK (2025),,Allabolag.se,2026-10-01T10:53:45.687513+00:00,,,,,,,
FLIR Systems Aktiebolag,,5562566579,70,Relevant SNI 71129 (+45); Company size indicates purchasing capacity (+20); Recently retrieved source data (+5),26300; 26510; 71129; 26700; 27900,Täby,Stockholm,"Box 7376, 187 15, Täby",411,3066565 kSEK (2025),,Allabolag.se,2026-10-01T10:53:05.573364+00:00,,,,,,,
ForMotion Sweden AB,,5564163755,70,Relevant SNI 71129 (+45); Company size indicates purchasing capacity (+20); Recently retrieved source data (+5),86950; 32501; 71129; 47721; 70100,Solna,Stockholm,"c/o ForMotion, Jungfrudansen 23, 171 51, Solna",338,505604 kSEK (2024),,Allabolag.se,2026-10-01T10:53:25.711602+00:00,,,,,,,
Forsen Aktiebolag,,5565387700,70,Relevant SNI 71121 (+45); Company size indicates purchasing capacity (+20); Recently retrieved source data (+5),71121,Stockholm,Stockholm,"Box 208, 101 24, Stockholm",207,416173 kSEK (2025),,Allabolag.se,2026-10-01T10:53:35.553564+00:00,,,,,,,
Frank Projektpartner AB,,5566815501,70,Relevant SNI 71121 (+45); Company size indicates purchasing capacity (+20); Recently retrieved source data (+5),71121,Stockholm,Stockholm,"Sankt Göransgatan 63 5tr, 112 38, Stockholm",55,123376 kSEK (2025),,Allabolag.se,2026-10-01T10:54:44.780353+00:00,,,,,,,
Frontgrade Gaisler AB,,5566600994,70,Relevant SNI 71123 (+45); Company size indicates purchasing capacity (+20); Recently retrieved source data (+5),71123,Göteborg,Västra Götaland,"Kungsgatan 12 7 Vån, 411 19, Göteborg",71,250132 kSEK (2025),,Allabolag.se,2026-10-01T10:53:55.342005+00:00,,,,,,,
FS Dynamics Sweden AB,,5567500847,70,Relevant SNI 71122 (+45); Company size indicates purchasing capacity (+20); Recently retrieved source data (+5),71122,Göteborg,Västra Götaland,"Mölndalsvägen 24 2 Tr, 412 63, Göteborg",103,111444 kSEK (2025),,Allabolag.se,2026-10-01T10:54:46.758741+00:00,,,,,,,
FVB Sverige AB,,5564293743,70,Relevant SNI 71124 (+45); Company size indicates purchasing capacity (+20); Recently retrieved source data (+5),71124,Västerås,Västmanland,"Isolatorvägen 8, 721 37, Västerås",139,194298 kSEK (2025),,Allabolag.se,2026-10-01T10:54:06.644312+00:00,,,,,,,
Fyrstads Entek AB,,5561324012,70,Relevant SNI 71121 (+45); Company size indicates purchasing capacity (+20); Recently retrieved source data (+5),41000; 43210; 71121,Uddevalla,Västra Götaland,"c/o Fyrstadsgruppen AB, Backegårdsvägen 2, 459 30, Ljungskile",18,96519 kSEK (2025),,Allabolag.se,2026-10-01T10:54:57.017408+00:00,,,,,,,
GARO Aktiebolag,,5560517772,70,Relevant SNI 71122 (+45); Company size indicates purchasing capacity (+20); Recently retrieved source data (+5),27120; 27330; 71122,Gnosjö,Jönköping,"Box 203, 335 25, Gnosjö",71,361000 kSEK (2025),,Allabolag.se,2026-10-01T10:53:45.022398+00:00,,,,,,,
Gebhardt Nordic AB,,5591842470,70,Relevant SNI 71122 (+45); Company size indicates purchasing capacity (+20); Recently retrieved source data (+5),71122,Mölndal,Västra Götaland,"Krokslätts Fabriker 38, 431 37, Mölndal",11,203306 kSEK (2025),,Allabolag.se,2026-10-01T10:54:05.677968+00:00,,,,,,,
Geomatikk Sverige AB,,5568333297,70,Relevant SNI 71129 (+45); Company size indicates purchasing capacity (+20); Recently retrieved source data (+5),71129,Gävle,Gävleborg,"Skolgången 13, 802 57, Gävle",243,382751 kSEK (2025),,Allabolag.se,2026-10-01T10:53:35.699469+00:00,,,,,,,
GK Sverige AB,,5566075692,70,Relevant SNI 71124 (+45); Company size indicates purchasing capacity (+20); Recently retrieved source data (+5),43222; 43221; 41000; 71124,Solna,Stockholm,"Solna Strandväg 3, 171 54, Solna",417,1009987 kSEK (2025),,Allabolag.se,2026-10-01T10:53:15.710440+00:00,,,,,,,
GKN Aerospace Sweden AB,,5560290347,70,Relevant SNI 71122 (+45); Company size indicates purchasing capacity (+20); Recently retrieved source data (+5),30310; 28110; 33160; 71122; 33120,Trollhättan,Västra Götaland,"461 81, Trollhättan",1969,14462971 kSEK (2024),,Allabolag.se,2026-10-01T10:53:05.211049+00:00,,,,,,,
"GMB, Stockholmsschakt AB",,5569950115,70,Relevant SNI 71121 (+45); Company size indicates purchasing capacity (+20); Recently retrieved source data (+5),43120; 71121; 77320,Huddinge,Stockholm,"Vallstigen 1, 142 51, Skogås",44,181134 kSEK (2025),,Allabolag.se,2026-10-01T10:54:15.445833+00:00,,,,,,,
GOSOL ENERGI AB,,5591608277,70,Relevant SNI 71124 (+45); Company size indicates purchasing capacity (+20); Recently retrieved source data (+5),71124; 43210; 46502,Nacka,Stockholm,"Gustavsviksvägen 2, 132 51, Saltsjö-Boo",32,184267 kSEK (2025),,Allabolag.se,2026-10-01T10:54:14.835887+00:00,,,,,,,
Graniten Engineering AB,,5566282298,70,Relevant SNI 71129 (+45); Company size indicates purchasing capacity (+20); Recently retrieved source data (+5),71129,Uddevalla,Västra Götaland,"Kärrastrandvägen 125 a, 451 76, Uddevalla",58,207916 kSEK (2025),,Allabolag.se,2026-10-01T10:54:05.677611+00:00,,,,,,,
Granitor Electro Aktiebolag,,5564363595,70,Relevant SNI 71123 (+45); Company size indicates purchasing capacity (+20); Recently retrieved source data (+5),43210; 71123; 43240; 95220; 33140; 80090; 43222; 71122; 70100; 33200; 43221,Sandviken,Gävleborg,"Box 501, 811 25, Sandviken",2193,4017663 kSEK (2025),,Allabolag.se,2026-10-01T10:53:05.573145+00:00,,,,,,,
Granitor Property Development AB,,5563194249,70,Relevant SNI 71121 (+45); Company size indicates purchasing capacity (+20); Recently retrieved source data (+5),71121; 68203,Malmö,Skåne,"c/o Granitor Properties AB, Basargränd 4, 215 32, Malmö",48,140070 kSEK (2025),,Allabolag.se,2026-10-01T10:54:35.196843+00:00,,,,,,,
Granitor Systems AB,,5569732828,70,Relevant SNI 71122 (+45); Company size indicates purchasing capacity (+20); Recently retrieved source data (+5),71122; 33200; 43210; 62100; 70100; 71200; 62201; 28220,Solna,Stockholm,"Box 3002, 169 03, Solna",420,1473499 kSEK (2025),,Allabolag.se,2026-10-01T10:53:15.355460+00:00,,,,,,,
GYPTECH AB,,5565956850,70,Relevant SNI 71122 (+45); Company size indicates purchasing capacity (+20); Recently retrieved source data (+5),46649; 71122,Växjö,Kronoberg,"Storgatan 14, 352 31, Växjö",29,298171 kSEK (2025),,Allabolag.se,2026-10-01T10:53:45.687128+00:00,,,,,,,
Hagmans Nordic AB,,5560714890,70,Relevant SNI 71122 (+45); Company size indicates purchasing capacity (+20); Recently retrieved source data (+5),20300; 46850; 20599; 20410; 23999; 20130; 46810; 22220; 82920; 46860; 71122; 46720,Mark,Västra Götaland,"Box 112, 511 10, Fritsla",198,600349 kSEK (2025),,Allabolag.se,2026-10-01T10:53:25.548200+00:00,,,,,,,
HAKI Aktiebolag,,5560755067,70,Relevant SNI 71122 (+45); Company size indicates purchasing capacity (+20); Recently retrieved source data (+5),25110; 71122; 46831,Östra Göinge,Skåne,"Glimåkravägen 4, 289 72, Sibbhult",66,316043 kSEK (2024),,Allabolag.se,2026-10-01T10:53:45.584355+00:00,,,,,,,
HAVD Group AB,,5567179055,70,Relevant SNI 71122 (+45); Company size indicates purchasing capacity (+20); Recently retrieved source data (+5),46720; 71122,Mölndal,Västra Götaland,"Kryptongatan 7, 431 53, Mölndal",28,177595 kSEK (2024),,Allabolag.se,2026-10-01T10:54:15.446045+00:00,,,,,,,
HEAD Engineering AB (publ),,5568412752,70,Relevant SNI 71122 (+45); Company size indicates purchasing capacity (+20); Recently retrieved source data (+5),33200; 71122,Nacka,Stockholm,"Jakobsdalsvägen 19 Box 1192, 131 27, Nacka Strand",11,319980 kSEK (2025),,Allabolag.se,2026-10-01T10:53:45.394362+00:00,,,,,,,
Heidelberg Materials Precast Contiga AB,,5562705979,70,Relevant SNI 71121 (+45); Company size indicates purchasing capacity (+20); Recently retrieved source data (+5),23610; 25110; 71121,Norrtälje,Stockholm,"Box 94, 761 21, Norrtälje",404,918491 kSEK (2024),,Allabolag.se,2026-10-01T10:53:15.710695+00:00,,,,,,,
Henrik Anderssons Byggnads AB,,5562512037,70,Relevant SNI 71121 (+45); Company size indicates purchasing capacity (+20); Recently retrieved source data (+5),41000; 71121,Höganäs,Skåne,"Brännerigatan 1 b, 263 37, Höganäs",169,1299016 kSEK (2023),,Allabolag.se,2026-10-01T10:53:15.355742+00:00,,,,,,,
Hexagon Manufacturing Intelligence Nordic AB,,5566019773,70,Relevant SNI 71122 (+45); Company size indicates purchasing capacity (+20); Recently retrieved source data (+5),46641; 71122; 46141; 58290; 46649; 62201,Eskilstuna,Södermanland,"Svista 7, 633 62, Eskilstuna",47,194449 kSEK (2024),,Allabolag.se,2026-10-01T10:54:05.678200+00:00,,,,,,,
Hifab AB,,5561257881,70,Relevant SNI 71121 (+45); Company size indicates purchasing capacity (+20); Recently retrieved source data (+5),71121; 71124,Stockholm,Stockholm,"Box 19090, 104 32, Stockholm",126,241914 kSEK (2025),,Allabolag.se,2026-10-01T10:53:56.526909+00:00,,,,,,,
HighCon AB,,5569208829,70,Relevant SNI 71121 (+45); Company size indicates purchasing capacity (+20); Recently retrieved source data (+5),71121,Härnösand,Västernorrland,"Verkstadsvägen 21, 871 54, Härnösand",100,454543 kSEK (2024),,Allabolag.se,2026-10-01T10:53:35.340602+00:00,,,,,,,
Hitachi Energy Sweden AB,,5560297029,70,Relevant SNI 71122 (+45); Company size indicates purchasing capacity (+20); Recently retrieved source data (+5),27110; 27120; 26110; 27900; 27330; 17129; 17122; 46649; 71122; 71123,Västerås,Västmanland,"Mäster Ahls Gata 16, 722 12, Västerås",5757,35610000 kSEK (2025),,Allabolag.se,2026-10-01T10:53:05.210870+00:00,,,,,,,
Holmströms Rör AB,,5560874173,70,Relevant SNI 71121 (+45); Company size indicates purchasing capacity (+20); Recently retrieved source data (+5),43221; 71121,Helsingborg,Skåne,"Hortensiagatan 11, 256 68, Helsingborg",39,94434 kSEK (2025),,Allabolag.se,2026-10-01T10:55:04.886130+00:00,,,,,,,
Husab AB,,5565491148,70,Relevant SNI 71121 (+45); Company size indicates purchasing capacity (+20); Recently retrieved source data (+5),71121,Stockholm,Stockholm,"Köpsvängen 26, 168 67, Bromma",35,219682 kSEK (2024),,Allabolag.se,2026-10-01T10:54:05.410074+00:00,,,,,,,
HydraSpecma Component AB,,5562192202,70,Relevant SNI 71122 (+45); Company size indicates purchasing capacity (+20); Recently retrieved source data (+5),46649; 28120; 33120; 33200; 71122,Skellefteå,Västerbotten,"Svedjevägen 10, 931 36, Skellefteå",142,510586 kSEK (2025),,Allabolag.se,2026-10-01T10:53:25.711545+00:00,,,,,,,
HYDX Aktiebolag,,5567915326,70,Relevant SNI 71122 (+45); Company size indicates purchasing capacity (+20); Recently retrieved source data (+5),46649; 28990; 71122; 29310,Ystad,Skåne,"Box 192, 271 24, Ystad",67,316108 kSEK (2025),,Allabolag.se,2026-10-01T10:53:45.584252+00:00,,,,,,,
Hygien Bygg Telge AB,,5567025662,70,Relevant SNI 71121 (+45); Company size indicates purchasing capacity (+20); Recently retrieved source data (+5),43320; 81100; 71121,Södertälje,Stockholm,"Lännockvägen 31, 152 42, Södertälje",50,175377 kSEK (2025),,Allabolag.se,2026-10-01T10:54:15.756980+00:00,,,,,,,
ICT Additude AB,,5568068489,70,Relevant SNI 71122 (+45); Company size indicates purchasing capacity (+20); Recently retrieved source data (+5),71122; 71121; 62100; 62201,Malmö,Skåne,"Kungsgatan 6, 211 49, Malmö",74,279588 kSEK (2024),,Allabolag.se,2026-10-01T10:53:45.687612+00:00,,,,,,,
Ictech Göteborg AB,,5568761521,70,Relevant SNI 71122 (+45); Company size indicates purchasing capacity (+20); Recently retrieved source data (+5),71122,Göteborg,Västra Götaland,"Lindholmspiren 5 a, 417 56, Göteborg",94,155439 kSEK (2025),,Allabolag.se,2026-10-01T10:54:25.922857+00:00,,,,,,,
IKEA Älmhult AB,,5590705058,70,Relevant SNI 71110 (+45); Company size indicates purchasing capacity (+20); Recently retrieved source data (+5),70100; 55101; 69102; 71110; 55102; 68203; 74110; 58190,Älmhult,Kronoberg,"c/o IKEA of Sweden AB, Box 702, 343 81, Älmhult",181,381367 kSEK (2025),,Allabolag.se,2026-10-01T10:53:35.699518+00:00,,,,,,,
Incoord InstallationsCoordinator Aktiebolag,,5562275809,70,Relevant SNI 71124 (+45); Company size indicates purchasing capacity (+20); Recently retrieved source data (+5),71124; 71123,Danderyd,Stockholm,"Box 512, 182 15, Danderyd",103,214029 kSEK (2025),,Allabolag.se,2026-10-01T10:54:05.410203+00:00,,,,,,,
Indoor Energy Services Sweden AB,,5563965911,70,Relevant SNI 71124 (+45); Company size indicates purchasing capacity (+20); Recently retrieved source data (+5),43222; 43223; 71124; 71122,Solna,Stockholm,"Råsundavägen 4, 169 67, Solna",166,345274 kSEK (2025),,Allabolag.se,2026-10-01T10:53:45.393565+00:00,,,,,,,
Industri & Bygginstallationer i Norden AB,,5593817967,70,Relevant SNI 71121 (+45); Company size indicates purchasing capacity (+20); Recently retrieved source data (+5),24200; 25220; 71121,Uddevalla,Västra Götaland,"Stureholmsvägen 4, 451 55, Uddevalla",27,110126 kSEK (2025),,Allabolag.se,2026-10-01T10:54:46.758857+00:00,,,,,,,
InfiMotion Technology Europe AB,,5593849432,70,Relevant SNI 71122 (+45); Company size indicates purchasing capacity (+20); Recently retrieved source data (+5),71122,Göteborg,Västra Götaland,"Pumpgatan 1, 417 55, Göteborg",46,286361 kSEK (2025),,Allabolag.se,2026-10-01T10:53:45.687476+00:00,,,,,,,
Infra TQ Group AB,,5593286791,70,Relevant SNI 71121 (+45); Company size indicates purchasing capacity (+20); Recently retrieved source data (+5),63920; 71121,Stockholm,Stockholm,"Gustavslundsvägen 151 g, 167 51, Bromma",31,257745 kSEK (2025),,Allabolag.se,2026-10-01T10:53:54.769394+00:00,,,,,,,
Infrakonsult Sverige AB,,5566820493,70,Relevant SNI 71121 (+45); Company size indicates purchasing capacity (+20); Recently retrieved source data (+5),71121,Stockholm,Stockholm,"Västberga Allé 50, 126 30, Hägersten",51,106659 kSEK (2025),,Allabolag.se,2026-10-01T10:54:54.818248+00:00,,,,,,,
Ingka AB,,5568099963,70,Relevant SNI 71121 (+45); Company size indicates purchasing capacity (+20); Recently retrieved source data (+5),70100; 68203; 71121,Älmhult,Kronoberg,"Box 700, 343 81, Älmhult",7458,35870606 kSEK (2025),,Allabolag.se,2026-10-01T10:53:05.210831+00:00,,,,,,,
Instalco Nordic AB,,5569817637,70,Relevant SNI 71124 (+45); Company size indicates purchasing capacity (+20); Recently retrieved source data (+5),74990; 71124,Stockholm,Stockholm,"Sveavägen 56, 111 34, Stockholm",23,137019 kSEK (2025),,Allabolag.se,2026-10-01T10:54:35.563002+00:00,,,,,,,
INTEC Dalarna AB,,5592649643,70,Relevant SNI 71124 (+45); Company size indicates purchasing capacity (+20); Recently retrieved source data (+5),71124,Borlänge,Dalarna,"Wallingatan 24, 784 34, Borlänge",69,108673 kSEK (2025),,Allabolag.se,2026-10-01T10:54:46.758995+00:00,,,,,,,
INTEC Mitt AB,,5592735236,70,Relevant SNI 71124 (+45); Company size indicates purchasing capacity (+20); Recently retrieved source data (+5),71124,Örebro,Örebro,"Gustavsviksvägen 3, 702 44, Örebro",69,106505 kSEK (2025),,Allabolag.se,2026-10-01T10:54:54.818305+00:00,,,,,,,
Inter IKEA Systems Service AB,,5562763549,70,Relevant SNI 71110 (+45); Company size indicates purchasing capacity (+20); Recently retrieved source data (+5),69102; 71110; 58190; 74110,Malmö,Skåne,"Box 31040, 200 49, Malmö",341,644454 kSEK (2025),,Allabolag.se,2026-10-01T10:53:25.548092+00:00,,,,,,,
Intergrund Aktiebolag,,5563427177,70,Relevant SNI 71121 (+45); Company size indicates purchasing capacity (+20); Recently retrieved source data (+5),71121; 25630; 43999,Lomma,Skåne,"Järngatan 7, 234 35, Lomma",19,95495 kSEK (2025),,Allabolag.se,2026-10-01T10:55:04.885603+00:00,,,,,,,
Intertek Semko AB,,5560240599,70,Relevant SNI 71122 (+45); Company size indicates purchasing capacity (+20); Recently retrieved source data (+5),71200; 71122,Stockholm,Stockholm,"Box 1103, 164 22, Kista",277,462142 kSEK (2025),,Allabolag.se,2026-10-01T10:53:34.961840+00:00,,,,,,,
INUstyr AB,,5567361950,70,Relevant SNI 71122 (+45); Company size indicates purchasing capacity (+20); Recently retrieved source data (+5),71122; 68202,Borås,Västra Götaland,"Åsboholmsgatan 21 5tr, 504 51, Borås",75,237858 kSEK (2025),,Allabolag.se,2026-10-01T10:53:56.979362+00:00,,,,,,,
Invencon AB,,5569647588,70,Relevant SNI 71122 (+45); Company size indicates purchasing capacity (+20); Recently retrieved source data (+5),71122; 70200,Karlstad,Värmland,"Pumpgatan 4, 652 21, Karlstad",88,100060 kSEK (2025),,Allabolag.se,2026-10-01T10:54:56.903714+00:00,,,,,,,
ISG Nordic AB,,5563180032,70,Relevant SNI 71121 (+45); Company size indicates purchasing capacity (+20); Recently retrieved source data (+5),43210; 71121; 46649,Stockholm,Stockholm,"Telefonvägen 30, 126 26, Hägersten",64,249890 kSEK (2025),,Allabolag.se,2026-10-01T10:53:55.342033+00:00,,,,,,,
Iterio AB,,5568329451,70,Relevant SNI 71121 (+45); Company size indicates purchasing capacity (+20); Recently retrieved source data (+5),71121,Stockholm,Stockholm,"Ringvägen 100 Hus c, 118 60, Stockholm",156,244697 kSEK (2025),,Allabolag.se,2026-10-01T10:53:56.526846+00:00,,,,,,,
ITW Sverige Aktiebolag,,5562208131,70,Relevant SNI 71122 (+45); Company size indicates purchasing capacity (+20); Recently retrieved source data (+5),22260; 71122,Värnamo,Jönköping,"Ås Karaby 1, 333 73, Bredaryd",61,220316 kSEK (2024),,Allabolag.se,2026-10-01T10:54:04.805805+00:00,,,,,,,
J. Gullikssons El Aktiebolag,,5565622551,70,Relevant SNI 71123 (+45); Company size indicates purchasing capacity (+20); Recently retrieved source data (+5),43210; 71123,Sollentuna,Stockholm,"Nyponvägen 2, 191 44, Sollentuna",97,165025 kSEK (2025),,Allabolag.se,2026-10-01T10:54:16.706369+00:00,,,,,,,
Jernbro Industrial Services AB,,5569120149,70,Relevant SNI 71122 (+45); Company size indicates purchasing capacity (+20); Recently retrieved source data (+5),33120; 25530; 28920; 28990; 82990; 27120; 33200; 43210; 27110; 26510; 28220; 68202; 71122; 28420; 77120; 25630,Göteborg,Västra Götaland,"Mölndalsvägen 42, 412 63, Göteborg",885,1660905 kSEK (2025),,Allabolag.se,2026-10-01T10:53:14.976204+00:00,,,,,,,
Jernforsen Energy AB,,5568495468,70,Relevant SNI 71124 (+45); Company size indicates purchasing capacity (+20); Recently retrieved source data (+5),71124; 25530,Halmstad,Halland,"Ryttarevägen 18 a, 302 62, Halmstad",36,286917 kSEK (2024),,Allabolag.se,2026-10-01T10:53:45.687443+00:00,,,,,,,
JKS Golv & Kakelservice AB,,5565250536,70,Relevant SNI 71121 (+45); Company size indicates purchasing capacity (+20); Recently retrieved source data (+5),43330; 47521; 71121; 47522,Växjö,Kronoberg,"Mörners Väg 112, 352 46, Växjö",71,146653 kSEK (2025),,Allabolag.se,2026-10-01T10:54:26.770412+00:00,,,,,,,
JLT Mobile Computers Sweden AB,,5566028394,70,Relevant SNI 71122 (+45); Company size indicates purchasing capacity (+20); Recently retrieved source data (+5),58290; 71122,Växjö,Kronoberg,"Isbjörnsvägen 3, 352 45, Växjö",14,93112 kSEK (2025),,Allabolag.se,2026-10-01T10:55:05.685496+00:00,,,,,,,
Johnson Matthey Aktiebolag,,5562660463,70,Relevant SNI 71122 (+45); Company size indicates purchasing capacity (+20); Recently retrieved source data (+5),71122,Göteborg,Västra Götaland,"Victor Hasselblads Gata 8, 421 31, Västra Frölunda",46,101093 kSEK (2025),,Allabolag.se,2026-10-01T10:54:56.903203+00:00,,,,,,,
Kaisa Technologies AB,,5567510689,70,Relevant SNI 71129 (+45); Company size indicates purchasing capacity (+20); Recently retrieved source data (+5),71129,Uppsala,Uppsala,"Dragarbrunnsgatan 78 b, 753 20, Uppsala",45,146220 kSEK (2025),,Allabolag.se,2026-10-01T10:54:26.770534+00:00,,,,,,,
Kamstrup Aktiebolag,,5564364890,70,Relevant SNI 71124 (+45); Company size indicates purchasing capacity (+20); Recently retrieved source data (+5),46641; 71124,Danderyd,Stockholm,"Vendevägen 89, 182 32, Danderyd",45,521284 kSEK (2025),,Allabolag.se,2026-10-01T10:53:25.711341+00:00,,,,,,,
Kapsch TrafficCom AB,,5560426289,70,Relevant SNI 71122 (+45); Company size indicates purchasing capacity (+20); Recently retrieved source data (+5),71122,Jönköping,Jönköping,"Bataljonsgatan 12, 553 05, Jönköping",21,178732 kSEK (2025),,Allabolag.se,2026-10-01T10:54:15.445941+00:00,,,,,,,
KeyPlants AB,,5565690988,70,Relevant SNI 71121 (+45); Company size indicates purchasing capacity (+20); Recently retrieved source data (+5),71121; 71122,Stockholm,Stockholm,"Torsgatan 11, 111 23, Stockholm",88,1180215 kSEK (2024),,Allabolag.se,2026-10-01T10:53:15.514441+00:00,,,,,,,
Keyvent Öst AB,,5591353171,70,Relevant SNI 71124 (+45); Company size indicates purchasing capacity (+20); Recently retrieved source data (+5),71124,Mönsterås,Kalmar,"Bagargatan 4, 384 92, Ålem",56,121612 kSEK (2025),,Allabolag.se,2026-10-01T10:54:45.540630+00:00,,,,,,,
KI Rör AB,,5568209034,70,Relevant SNI 71124 (+45); Company size indicates purchasing capacity (+20); Recently retrieved source data (+5),43221; 71124,Upplands Väsby,Stockholm,"Box 2006, 194 02, Upplands Väsby",55,124304 kSEK (2025),,Allabolag.se,2026-10-01T10:54:44.780117+00:00,,,,,,,
Kingspan BAGA AB,,5564455557,70,Relevant SNI 71121 (+45); Company size indicates purchasing capacity (+20); Recently retrieved source data (+5),71121,Karlskrona,Blekinge,"Torskorsvägen 3, 371 48, Karlskrona",50,171073 kSEK (2025),,Allabolag.se,2026-10-01T10:54:15.757339+00:00,,,,,,,
Kiona Sweden AB,,5567346738,70,Relevant SNI 71124 (+45); Company size indicates purchasing capacity (+20); Recently retrieved source data (+5),71124; 62201,Mölndal,Västra Götaland,"Mölndals Bro 7, 431 30, Mölndal",51,174117 kSEK (2025),,Allabolag.se,2026-10-01T10:54:15.757118+00:00,,,,,,,
Knightec Group Compliance and Management AB,,5565558193,70,Relevant SNI 71129 (+45); Company size indicates purchasing capacity (+20); Recently retrieved source data (+5),71129; 71122; 70200,Göteborg,Västra Götaland,"Lindholmsallén 2, 417 55, Göteborg",585,816079 kSEK (2025),,Allabolag.se,2026-10-01T10:53:24.784728+00:00,,,,,,,
Knightec Group Hardware and Design AB,,5566222609,70,Relevant SNI 71122 (+45); Company size indicates purchasing capacity (+20); Recently retrieved source data (+5),71122; 71129; 71123; 69201; 74110,Örnsköldsvik,Västernorrland,"Magasinsallén 2 a, 891 39, Örnsköldsvik",683,934842 kSEK (2024),,Allabolag.se,2026-10-01T10:53:15.710612+00:00,,,,,,,
Kockum Sonics Aktiebolag,,5561293043,70,Relevant SNI 71129 (+45); Company size indicates purchasing capacity (+20); Recently retrieved source data (+5),26200; 27900; 26510; 71129; 25210,Malmö,Skåne,"Box 1035, 212 10, Malmö",55,225148 kSEK (2025),,Allabolag.se,2026-10-01T10:54:04.805635+00:00,,,,,,,
KP Sverige AB,,5591910004,70,Relevant SNI 71124 (+45); Company size indicates purchasing capacity (+20); Recently retrieved source data (+5),46502; 71124,Västerås,Västmanland,"Örjansgränd 10, 721 32, Västerås",28,227094 kSEK (2026),,Allabolag.se,2026-10-01T10:54:04.805356+00:00,,,,,,,
KTC Control AB,,5564933546,70,Relevant SNI 71124 (+45); Company size indicates purchasing capacity (+20); Recently retrieved source data (+5),71124,Göteborg,Västra Götaland,"Datavägen 14 a, 436 32, Askim",49,114195 kSEK (2025),,Allabolag.se,2026-10-01T10:54:46.045865+00:00,,,,,,,
Kvarnverket AB,,5591278683,70,Relevant SNI 71121 (+45); Company size indicates purchasing capacity (+20); Recently retrieved source data (+5),71121,Karlstad,Värmland,"Stapelgatan 2, 652 16, Karlstad",17,251693 kSEK (2024),,Allabolag.se,2026-10-01T10:53:55.341951+00:00,,,,,,,
Kvaser Aktiebolaget,,5562082619,70,Relevant SNI 71122 (+45); Company size indicates purchasing capacity (+20); Recently retrieved source data (+5),71122,Mölndal,Västra Götaland,"Aminogatan 25 a, 431 53, Mölndal",51,138296 kSEK (2025),,Allabolag.se,2026-10-01T10:54:35.196909+00:00,,,,,,,
Kviberggruppen AB,,5568988959,70,Relevant SNI 71121 (+45); Company size indicates purchasing capacity (+20); Recently retrieved source data (+5),43341; 41000; 43320; 71121,Partille,Västra Götaland,"Box 2050, 433 02, Sävedalen",28,112798 kSEK (2025),,Allabolag.se,2026-10-01T10:54:46.046026+00:00,,,,,,,
L5 Navigation Systems AB,,5569286080,70,Relevant SNI 71123 (+45); Company size indicates purchasing capacity (+20); Recently retrieved source data (+5),71123,Luleå,Norrbotten,"c/o Martin Lindgren, Skillingvägen 15, 974 51, Luleå",27,123753 kSEK (2025),,Allabolag.se,2026-10-01T10:54:44.780296+00:00,,,,,,,
"LBS, Lule Building System Aktiebolag",,5566102496,70,Relevant SNI 71121 (+45); Company size indicates purchasing capacity (+20); Recently retrieved source data (+5),46502; 71121,Sundsvall,Västernorrland,"Lärlingsvägen 13 a, 863 41, Sundsvall",14,422301 kSEK (2024),,Allabolag.se,2026-10-01T10:53:35.341315+00:00,,,,,,,
Legrand AB,,5563840171,70,Relevant SNI 71123 (+45); Company size indicates purchasing capacity (+20); Recently retrieved source data (+5),71123,Kävlinge,Skåne,"Teknikvägen 5, 246 43, Löddeköpinge",35,179946 kSEK (2025),,Allabolag.se,2026-10-01T10:54:15.445907+00:00,,,,,,,
Lindbäcks Bygg Aktiebolag,,5561180836,70,Relevant SNI 71121 (+45); Company size indicates purchasing capacity (+20); Recently retrieved source data (+5),16231; 41000; 71121,Piteå,Norrbotten,"Box 753, 941 28, Piteå",294,1362618 kSEK (2025),,Allabolag.se,2026-10-01T10:53:15.355696+00:00,,,,,,,
Lindinvent AB,,5560845843,70,Relevant SNI 71124 (+45); Company size indicates purchasing capacity (+20); Recently retrieved source data (+5),28250; 71124,Lund,Skåne,"Sellerigatan 13, 224 78, Lund",2133,339943 kSEK (2025),,Allabolag.se,2026-10-01T10:53:45.394207+00:00,,,,,,,
LINESIGHT AB,,5591948863,70,Relevant SNI 71121 (+45); Company size indicates purchasing capacity (+20); Recently retrieved source data (+5),71121,Stockholm,Stockholm,"c/o TMF Sweden AB, Vasagatan 38, 111 20, Stockholm",38,134361 kSEK (2024),,Allabolag.se,2026-10-01T10:54:36.153707+00:00,,,,,,,
Logisnext Europe Sweden Center AB,,5560836461,70,Relevant SNI 71122 (+45); Company size indicates purchasing capacity (+20); Recently retrieved source data (+5),71122; 62201; 70200,Härryda,Västra Götaland,"Box 8, 435 21, Mölnlycke",197,466343 kSEK (2025),,Allabolag.se,2026-10-01T10:53:34.961768+00:00,,,,,,,
LUMA Energy AB,,5569867004,70,Relevant SNI 71124 (+45); Company size indicates purchasing capacity (+20); Recently retrieved source data (+5),43210; 71124; 63100,Uppsala,Uppsala,"Kungsängsvägen 27, 753 23, Uppsala",36,134537 kSEK (2024),,Allabolag.se,2026-10-01T10:54:35.563318+00:00,,,,,,,
m for solutions syd AB,,5590515879,70,Relevant SNI 71122 (+45); Company size indicates purchasing capacity (+20); Recently retrieved source data (+5),71122,Malmö,Skåne,"c/o ICT Additude AB, Kungsgatan 6, 211 49, Malmö",73,95642 kSEK (2024),,Allabolag.se,2026-10-01T10:54:57.017816+00:00,,,,,,,
m3 schakt AB,,5567719413,70,Relevant SNI 71121 (+45); Company size indicates purchasing capacity (+20); Recently retrieved source data (+5),43991; 49410; 71121; 77320,Södertälje,Stockholm,"Tuna Industriväg 21, 153 30, Järna",44,340702 kSEK (2025),,Allabolag.se,2026-10-01T10:53:45.394169+00:00,,,,,,,
MacGregor Sweden AB,,5568835630,70,Relevant SNI 71122 (+45); Company size indicates purchasing capacity (+20); Recently retrieved source data (+5),71122; 46649,Göteborg,Västra Götaland,"Box 4113, 400 40, Göteborg",195,2274192 kSEK (2024),,Allabolag.se,2026-10-01T10:53:05.707179+00:00,,,,,,,
MAFI Aktiebolag,,5564419140,70,Relevant SNI 71122 (+45); Company size indicates purchasing capacity (+20); Recently retrieved source data (+5),71122,Mora,Dalarna,"Box 275, 792 24, Mora",23,149747 kSEK (2025),,Allabolag.se,2026-10-01T10:54:26.033151+00:00,,,,,,,
Magna Electronics Sweden AB,,5591310841,70,Relevant SNI 71122 (+45); Company size indicates purchasing capacity (+20); Recently retrieved source data (+5),26300; 26510; 71122; 26400,Vårgårda,Västra Götaland,"Wallentinsvägen 22, 447 37, Vårgårda",925,8627764 kSEK (2024),,Allabolag.se,2026-10-01T10:53:05.360130+00:00,,,,,,,
Malmqvist & Co. Byggnads Aktiebolag,,5569521874,70,Relevant SNI 71121 (+45); Company size indicates purchasing capacity (+20); Recently retrieved source data (+5),71121; 70200; 41000,Stockholm,Stockholm,"Sveavägen 159, 113 46, Stockholm",18,309106 kSEK (2025),,Allabolag.se,2026-10-01T10:53:45.584422+00:00,,,,,,,
Manta Systems AB,,5594576604,70,Relevant SNI 71129 (+45); Company size indicates purchasing capacity (+20); Recently retrieved source data (+5),26510; 71129,Stockholm,Stockholm,"c/o Scandinavian Trust AB, Birger Jarlsgatan 12, 114 34, Stockholm",52,248337 kSEK (2025),,Allabolag.se,2026-10-01T10:53:55.342586+00:00,,,,,,,
Markax AB,,5568117732,70,Relevant SNI 71121 (+45); Company size indicates purchasing capacity (+20); Recently retrieved source data (+5),71121,Gävle,Gävleborg,"Ersbogatan 18, 802 93, Gävle",50,268411 kSEK (2025),,Allabolag.se,2026-10-01T10:53:54.769008+00:00,,,,,,,
Martinsons Byggsystem AB,,5560565987,70,Relevant SNI 71122 (+45); Company size indicates purchasing capacity (+20); Recently retrieved source data (+5),71122; 16111; 77390,Skellefteå,Västerbotten,"937 80, Bygdsiljum",61,311806 kSEK (2025),,Allabolag.se,2026-10-01T10:53:45.584391+00:00,,,,,,,
Maven Wireless Sweden AB,,5590656384,70,Relevant SNI 71123 (+45); Company size indicates purchasing capacity (+20); Recently retrieved source data (+5),71123,Stockholm,Stockholm,"Torshamnsgatan 39, 164 40, Kista",47,207552 kSEK (2025),,Allabolag.se,2026-10-01T10:54:05.677891+00:00,,,,,,,
Mavenir Systems AB,,5569428112,70,Relevant SNI 71122 (+45); Company size indicates purchasing capacity (+20); Recently retrieved source data (+5),71122,Stockholm,Stockholm,"Box 16285, 103 25, Stockholm",14,148378 kSEK (2024),,Allabolag.se,2026-10-01T10:54:26.033211+00:00,,,,,,,
MDT Markvaruhuset Aktiebolag,,5567181440,70,Relevant SNI 71121 (+45); Company size indicates purchasing capacity (+20); Recently retrieved source data (+5),46831; 71121,Huddinge,Stockholm,"Svarvarvägen 8 a, 142 50, Skogås",20,122059 kSEK (2025),,Allabolag.se,2026-10-01T10:54:44.780533+00:00,,,,,,,
Metria AB,,5567992242,70,Relevant SNI 71129 (+45); Company size indicates purchasing capacity (+20); Recently retrieved source data (+5),71129,Stockholm,Stockholm,"Box 30016, 104 25, Stockholm",126,299374 kSEK (2025),,Allabolag.se,2026-10-01T10:53:45.584576+00:00,,,,,,,
METS Technology AB,,5592068752,70,Relevant SNI 71122 (+45); Company size indicates purchasing capacity (+20); Recently retrieved source data (+5),71122,Uddevalla,Västra Götaland,"Östergatan 18 b, 451 30, Uddevalla",34,152789 kSEK (2026),,Allabolag.se,2026-10-01T10:54:26.033078+00:00,,,,,,,
Metso Sweden AB,,5562165653,70,Relevant SNI 71122 (+45); Company size indicates purchasing capacity (+20); Recently retrieved source data (+5),71122; 28130; 28920; 46649; 46860; 33190,Malmö,Skåne,"Pulpetgatan 20, 215 37, Malmö",567,2724559 kSEK (2024),,Allabolag.se,2026-10-01T10:53:05.706838+00:00,,,,,,,
MEXL. AB,,5567636765,70,Relevant SNI 71121 (+45); Company size indicates purchasing capacity (+20); Recently retrieved source data (+5),71121; 68120,Uddevalla,Västra Götaland,"Tyggården 6 a, 451 34, Uddevalla",71,96414 kSEK (2025),,Allabolag.se,2026-10-01T10:54:57.017442+00:00,,,,,,,
Microbus Electronic Service Aktiebolag,,5562357151,70,Relevant SNI 71123 (+45); Company size indicates purchasing capacity (+20); Recently retrieved source data (+5),26200; 27400; 46649; 71123; 43210,Malmö,Skåne,"Batterigatan 4 a, 212 41, Malmö",24,111796 kSEK (2025),,Allabolag.se,2026-10-01T10:54:46.758328+00:00,,,,,,,
Micropower Sweden AB,,5563419091,70,Relevant SNI 71123 (+45); Company size indicates purchasing capacity (+20); Recently retrieved source data (+5),27900; 27200; 71123; 70200; 46649,Växjö,Kronoberg,"Gullhallavägen 20 c, 352 50, Växjö",345,1550172 kSEK (2025),,Allabolag.se,2026-10-01T10:53:15.355241+00:00,,,,,,,
Miljö och Vatten i Örnsköldsvik Aktiebolag,,5567672695,70,Relevant SNI 71124 (+45); Company size indicates purchasing capacity (+20); Recently retrieved source data (+5),37000; 71124; 36000; 42210; 38220; 38120; 38110,Örnsköldsvik,Västernorrland,"Box 385, 891 28, Örnsköldsvik",123,343156 kSEK (2025),,Allabolag.se,2026-10-01T10:53:45.393750+00:00,,,,,,,
Mission Consultancy Assistance Sweden AB,,5569239030,70,Relevant SNI 71122 (+45); Company size indicates purchasing capacity (+20); Recently retrieved source data (+5),71122,Göteborg,Västra Götaland,"Engelbrektsgatan 71, 412 52, Göteborg",102,93411 kSEK (2025),,Allabolag.se,2026-10-01T10:55:04.886317+00:00,,,,,,,
Mitta AB,,5566766647,70,Relevant SNI 71121 (+45); Company size indicates purchasing capacity (+20); Recently retrieved source data (+5),71121,Linköping,Östergötland,"Idögatan 26, 582 78, Linköping",112,291130 kSEK (2025),,Allabolag.se,2026-10-01T10:53:45.687406+00:00,,,,,,,
Moelven ByggModul Aktiebolag,,5563107134,70,Relevant SNI 71121 (+45); Company size indicates purchasing capacity (+20); Recently retrieved source data (+5),16231; 71121; 46831,Säffle,Värmland,"Brovägen 27, 661 93, Säffle",445,985150 kSEK (2024),,Allabolag.se,2026-10-01T10:53:15.710526+00:00,,,,,,,
MOKO AB,,5591434427,70,Relevant SNI 71121 (+45); Company size indicates purchasing capacity (+20); Recently retrieved source data (+5),71121,Stockholm,Stockholm,"c/o SIBS AB, Eriksbergsgatan 8 b, 114 30, Stockholm",38,110132 kSEK (2024),,Allabolag.se,2026-10-01T10:54:46.758821+00:00,,,,,,,
Mpya Sci & Tech AB,,5592107204,70,Relevant SNI 71122 (+45); Company size indicates purchasing capacity (+20); Recently retrieved source data (+5),71122; 71129; 78100,Stockholm,Stockholm,"Birger Jarlsgatan 41 a, 111 45, Stockholm",88,98786 kSEK (2025),,Allabolag.se,2026-10-01T10:54:56.903834+00:00,,,,,,,
MS WinCon AB,,5592722499,70,Relevant SNI 71129 (+45); Company size indicates purchasing capacity (+20); Recently retrieved source data (+5),42221; 43999; 33120; 71129; 33140,Sollentuna,Stockholm,"Tingsvägen 17, 191 61, Sollentuna",20,144249 kSEK (2024),,Allabolag.se,2026-10-01T10:54:26.770637+00:00,,,,,,,
MSG Ventilation AB,,5591426845,70,Relevant SNI 71124 (+45); Company size indicates purchasing capacity (+20); Recently retrieved source data (+5),41000; 71124,Enköping,Uppsala,"Myrangatan 4, 745 37, Enköping",15,132164 kSEK (2026),,Allabolag.se,2026-10-01T10:54:36.153994+00:00,,,,,,,
Mälarenergi AB,,5564489150,70,Relevant SNI 71124 (+45); Company size indicates purchasing capacity (+20); Recently retrieved source data (+5),35300; 35120; 35150; 36000; 71124,Västerås,Västmanland,"Box 14, 721 03, Västerås",442,4231014 kSEK (2025),,Allabolag.se,2026-10-01T10:53:05.573031+00:00,,,,,,,
Natur - & Skogstjänst i Sverige Aktiebolag,,5568998438,70,Relevant SNI 71124 (+45); Company size indicates purchasing capacity (+20); Recently retrieved source data (+5),71124; 71129; 02400,Kramfors,Västernorrland,"Vasagatan 12 1tr, 903 29, Umeå",23,111526 kSEK (2025),,Allabolag.se,2026-10-01T10:54:46.758700+00:00,,,,,,,
NCC Sverige AB,,5566134929,70,Relevant SNI 71121 (+45); Company size indicates purchasing capacity (+20); Recently retrieved source data (+5),41000; 42130; 43999; 42110; 42210; 39000; 42221; 71121; 42990,Solna,Stockholm,"170 80, Solna",4806,23105529 kSEK (2025),,Allabolag.se,2026-10-01T10:53:05.210948+00:00,,,,,,,
Neko Health AB,,5591705396,70,Relevant SNI 71124 (+45); Company size indicates purchasing capacity (+20); Recently retrieved source data (+5),71124,Danderyd,Stockholm,"Svärdvägen 19, 182 33, Danderyd",40,105943 kSEK (2025),,Allabolag.se,2026-10-01T10:54:54.818363+00:00,,,,,,,
NeTel AB,,5565924056,70,Relevant SNI 71129 (+45); Company size indicates purchasing capacity (+20); Recently retrieved source data (+5),42222; 43210; 43120; 42110; 46431; 42210; 71129; 42990,Botkyrka,Stockholm,"Fågelviksvägen 9, 7 Tr, 145 84, Stockholm",73,379943 kSEK (2025),,Allabolag.se,2026-10-01T10:53:35.699566+00:00,,,,,,,
NIRAS Sweden AB,,5561756197,70,Relevant SNI 71121 (+45); Company size indicates purchasing capacity (+20); Recently retrieved source data (+5),71121; 74990; 70200; 71124; 42910; 42110; 81100,Stockholm,Stockholm,"Box 70375, 107 24, Stockholm",212,445276 kSEK (2025),,Allabolag.se,2026-10-01T10:53:35.340741+00:00,,,,,,,
Nitro Consult Aktiebolag,,5561315770,70,Relevant SNI 71121 (+45); Company size indicates purchasing capacity (+20); Recently retrieved source data (+5),71121; 77390,Stockholm,Stockholm,"Tjurhornsgränd 8, 121 63, Johanneshov",65,129569 kSEK (2025),,Allabolag.se,2026-10-01T10:54:36.664826+00:00,,,,,,,
NIWA Entreprenad AB,,5564621018,70,Relevant SNI 71121 (+45); Company size indicates purchasing capacity (+20); Recently retrieved source data (+5),41000; 71121,Karlstad,Värmland,"Rådalsvägen 10, 653 50, Karlstad",20-49,189562 kSEK (2025),,Allabolag.se,2026-10-01T10:54:06.644406+00:00,,,,,,,
Norco Interior AB,,5565695888,70,Relevant SNI 71121 (+45); Company size indicates purchasing capacity (+20); Recently retrieved source data (+5),71121,Halmstad,Halland,"Transportvägen 13, 302 30, Halmstad",19,239123 kSEK (2025),,Allabolag.se,2026-10-01T10:53:56.526986+00:00,,,,,,,
Norconsult Sverige AB,,5564053964,70,Relevant SNI 71121 (+45); Company size indicates purchasing capacity (+20); Recently retrieved source data (+5),71121; 71123; 71124; 71129; 71110; 71122,Göteborg,Västra Götaland,"Box 8774, 402 76, Göteborg",1573,1938524 kSEK (2025),,Allabolag.se,2026-10-01T10:53:14.975817+00:00,,,,,,,
Nordic Road Safety AB,,5590220173,70,Relevant SNI 71121 (+45); Company size indicates purchasing capacity (+20); Recently retrieved source data (+5),71121,Timrå,Västernorrland,"Årvältsvägen 18, 861 36, Timrå",62,475928 kSEK (2025),,Allabolag.se,2026-10-01T10:53:34.961695+00:00,,,,,,,
Nordiska Byggkoncept AB,,5562867977,70,Relevant SNI 71121 (+45); Company size indicates purchasing capacity (+20); Recently retrieved source data (+5),43320; 41000; 71121,Västerås,Västmanland,"Isolatorvägen 3, 721 37, Västerås",32,196732 kSEK (2026),,Allabolag.se,2026-10-01T10:54:05.678154+00:00,,,,,,,
Nordiske Medier Stockholm AB,,5562591197,70,Relevant SNI 71121 (+45); Company size indicates purchasing capacity (+20); Recently retrieved source data (+5),58130; 71121,Solna,Stockholm,"Greta Garbos Väg 13, 169 40, Solna",100,96853 kSEK (2025),,Allabolag.se,2026-10-01T10:54:57.017374+00:00,,,,,,,
Nordkonsult i Luleå AB,,5569909566,70,Relevant SNI 71122 (+45); Company size indicates purchasing capacity (+20); Recently retrieved source data (+5),71122,Luleå,Norrbotten,"Nordkalottvägen 8, 972 54, Luleå",24,125440 kSEK (2025),,Allabolag.se,2026-10-01T10:54:44.779890+00:00,,,,,,,
Nordomatic Aktiebolag,,5563622074,70,Relevant SNI 71121 (+45); Company size indicates purchasing capacity (+20); Recently retrieved source data (+5),71121; 71124; 43221,Stockholm,Stockholm,"Arenavägen 27, 121 77, Johanneshov",227,514742 kSEK (2025),,Allabolag.se,2026-10-01T10:53:25.711408+00:00,,,,,,,
Norrvidinge Group AB,,5567657571,70,Relevant SNI 71121 (+45); Company size indicates purchasing capacity (+20); Recently retrieved source data (+5),42110; 43120; 49410; 38110; 77320; 71121,Helsingborg,Skåne,"Bunkagårdsgatan 4, 253 68, Helsingborg",119,1030306 kSEK (2025),,Allabolag.se,2026-10-01T10:53:15.710191+00:00,,,,,,,
Norsk Analyse AB,,5565812681,70,Relevant SNI 71122 (+45); Company size indicates purchasing capacity (+20); Recently retrieved source data (+5),46649; 71122,Grums,Värmland,"c/o Nyängsgatan 5, Box 123, 664 23, Grums",22,232921 kSEK (2025),,Allabolag.se,2026-10-01T10:53:56.979631+00:00,,,,,,,
Norstedts Förlagsgrupp AB,,5560457748,70,Relevant SNI 71129 (+45); Company size indicates purchasing capacity (+20); Recently retrieved source data (+5),58110; 71129; 18122,Stockholm,Stockholm,"Box 2052, 103 12, Stockholm",77,487617 kSEK (2025),,Allabolag.se,2026-10-01T10:53:34.961658+00:00,,,,,,,
Northvolt AB,,5590158894,70,Relevant SNI 71123 (+45); Company size indicates purchasing capacity (+20); Recently retrieved source data (+5),71123,Stockholm,Stockholm,"Alströmergatan 20, 112 47, Stockholm",1493,2052548 kSEK (2023),,Allabolag.se,2026-10-01T10:53:05.707444+00:00,,,,,,,
Northvolt Ett AB,,5591547715,70,Relevant SNI 71123 (+45); Company size indicates purchasing capacity (+20); Recently retrieved source data (+5),27200; 71123,Skellefteå,Västerbotten,"Torsgatan 122, 931 36, Skellefteå",2027,1385448 kSEK (2023),,Allabolag.se,2026-10-01T10:53:15.355611+00:00,,,,,,,
Northvolt Systems AB,,5592440282,70,Relevant SNI 71123 (+45); Company size indicates purchasing capacity (+20); Recently retrieved source data (+5),27200; 71123; 72109,Stockholm,Stockholm,"c/o Northvolt AB, Alströmergatan 20, 112 47, Stockholm",383,1051568 kSEK (2023),,Allabolag.se,2026-10-01T10:53:15.514665+00:00,,,,,,,
NOTE Herrljunga AB,,5593192783,70,Relevant SNI 71123 (+45); Company size indicates purchasing capacity (+20); Recently retrieved source data (+5),26120; 46502; 71123,Herrljunga,Västra Götaland,"Östergårdsgatan 19, 524 33, Herrljunga",36,140774 kSEK (2025),,Allabolag.se,2026-10-01T10:54:35.196686+00:00,,,,,,,
NOTE Norrtelje AB,,5562353853,70,Relevant SNI 71129 (+45); Company size indicates purchasing capacity (+20); Recently retrieved source data (+5),26110; 27330; 28250; 27120; 71129,Norrtälje,Stockholm,"Box 185, 761 22, Norrtälje",179,605254 kSEK (2025),,Allabolag.se,2026-10-01T10:53:25.548176+00:00,,,,,,,
Nuvia NORDIC AB,,5568268295,70,Relevant SNI 71124 (+45); Company size indicates purchasing capacity (+20); Recently retrieved source data (+5),71124; 71122; 35300,Norrköping,Östergötland,"Bråddgatan 7, 602 22, Norrköping",369,598511 kSEK (2025),,Allabolag.se,2026-10-01T10:53:25.548212+00:00,,,,,,,
NYAB Kiruna AB,,5567669303,70,Relevant SNI 71121 (+45); Company size indicates purchasing capacity (+20); Recently retrieved source data (+5),41000; 42990; 71121,Luleå,Norrbotten,"Murbruksvägen 10, 973 45, Luleå",12,146861 kSEK (2025),,Allabolag.se,2026-10-01T10:54:26.033595+00:00,,,,,,,
Nytorps Rör Aktiebolag,,5562995315,70,Relevant SNI 71124 (+45); Company size indicates purchasing capacity (+20); Recently retrieved source data (+5),71124; 43221,Stockholm,Stockholm,"Rökerigatan 20, 121 62, Johanneshov",49,146418 kSEK (2025),,Allabolag.se,2026-10-01T10:54:26.770487+00:00,,,,,,,
Nyvest Bygg Aktiebolag,,5563669224,70,Relevant SNI 71121 (+45); Company size indicates purchasing capacity (+20); Recently retrieved source data (+5),41000; 71121,Nyköping,Södermanland,"Box 331, 611 27, Nyköping",40,105887 kSEK (2025),,Allabolag.se,2026-10-01T10:54:54.818421+00:00,,,,,,,
OAKS AB,,5591696413,70,Relevant SNI 71124 (+45); Company size indicates purchasing capacity (+20); Recently retrieved source data (+5),71124; 71121,Göteborg,Västra Götaland,"Norra Gubberogatan 30, 416 63, Göteborg",25,92274 kSEK (2025),,Allabolag.se,2026-10-01T10:55:05.686055+00:00,,,,,,,
OBK Sverige AB,,5568635303,70,Relevant SNI 71121 (+45); Company size indicates purchasing capacity (+20); Recently retrieved source data (+5),41000; 71121,Örebro,Örebro,"Virkesvägen 8, 703 83, Örebro",59,503559 kSEK (2025),,Allabolag.se,2026-10-01T10:53:34.961330+00:00,,,,,,,
Ocean Infinity AB,,5566794706,70,Relevant SNI 71129 (+45); Company size indicates purchasing capacity (+20); Recently retrieved source data (+5),71129,Göteborg,Västra Götaland,"Sven Källfelts Gata 11, 426 71, Västra Frölunda",87,1068313 kSEK (2024),,Allabolag.se,2026-10-01T10:53:15.514631+00:00,,,,,,,
One Nordic AB,,5560757287,70,Relevant SNI 71123 (+45); Company size indicates purchasing capacity (+20); Recently retrieved source data (+5),43210; 43221; 71123; 42221; 42210; 71124; 71129; 71122,Malmö,Skåne,"Box 50529, 202 50, Malmö",885,2541885 kSEK (2025),,Allabolag.se,2026-10-01T10:53:05.707076+00:00,,,,,,,
Optronic Partner pr AB,,5562608421,70,Relevant SNI 71122 (+45); Company size indicates purchasing capacity (+20); Recently retrieved source data (+5),26700; 71122,Skellefteå,Västerbotten,"Box 733, 931 27, Skellefteå",59,178066 kSEK (2025),,Allabolag.se,2026-10-01T10:54:15.446011+00:00,,,,,,,
Ovzon Sweden AB,,5566791181,70,Relevant SNI 71123 (+45); Company size indicates purchasing capacity (+20); Recently retrieved source data (+5),71123,Solna,Stockholm,"Anderstorpsvägen 16, 171 54, Solna",23,678377 kSEK (2025),,Allabolag.se,2026-10-01T10:53:25.448127+00:00,,,,,,,
OX2 AB,,5566757497,70,Relevant SNI 71124 (+45); Company size indicates purchasing capacity (+20); Recently retrieved source data (+5),71124,Stockholm,Stockholm,"Box 2299, 103 17, Stockholm",203,724000 kSEK (2025),,Allabolag.se,2026-10-01T10:53:25.448052+00:00,,,,,,,
OXE Marine AB,,5568897226,70,Relevant SNI 71122 (+45); Company size indicates purchasing capacity (+20); Recently retrieved source data (+5),71122,Ängelholm,Skåne,"Metallgatan 6, 262 72, Ängelholm",33,140368 kSEK (2025),,Allabolag.se,2026-10-01T10:54:35.196810+00:00,,,,,,,
P Maskin Automation AB,,5567945778,70,Relevant SNI 71123 (+45); Company size indicates purchasing capacity (+20); Recently retrieved source data (+5),71123,Kristianstad,Skåne,"c/o P Maskin Automation AB, Alfred Fjelners Väg 2, 291 67, Fjälkinge",47,101041 kSEK (2025),,Allabolag.se,2026-10-01T10:54:56.903501+00:00,,,,,,,
PACKSIZE Technologies AB,,5565514378,70,Relevant SNI 71122 (+45); Company size indicates purchasing capacity (+20); Recently retrieved source data (+5),28950; 46649; 71122,Stockholm,Stockholm,"Gävlegatan 22, 113 30, Stockholm",97,560878 kSEK (2025),,Allabolag.se,2026-10-01T10:53:25.710916+00:00,,,,,,,
Paroc Aktiebolag,,5560363763,70,Relevant SNI 71121 (+45); Company size indicates purchasing capacity (+20); Recently retrieved source data (+5),23991; 46831; 71121; 70100,Skövde,Västra Götaland,"Diabasvägen 7, 541 86, Skövde",410,1289656 kSEK (2025),,Allabolag.se,2026-10-01T10:53:15.355787+00:00,,,,,,,
Partbyggen i Kalix AB,,5564003357,70,Relevant SNI 71121 (+45); Company size indicates purchasing capacity (+20); Recently retrieved source data (+5),78201; 71121,Kalix,Norrbotten,"Industrigatan 17, 952 31, Kalix",205,118452 kSEK (2024),,Allabolag.se,2026-10-01T10:54:45.540796+00:00,,,,,,,
Partega Butik & Kommersiell Miljö AB,,5567273882,70,Relevant SNI 71121 (+45); Company size indicates purchasing capacity (+20); Recently retrieved source data (+5),43120; 71121; 64993; 68201,Örebro,Örebro,"Tomtagatan 17, 702 32, Örebro",35,115084 kSEK (2025),,Allabolag.se,2026-10-01T10:54:46.045832+00:00,,,,,,,
Pentronic Aktiebolag,,5560425141,70,Relevant SNI 71122 (+45); Company size indicates purchasing capacity (+20); Recently retrieved source data (+5),26510; 46641; 71122,Västervik,Kalmar,"Bergsliden 1, 593 96, Västervik",121,241664 kSEK (2025),,Allabolag.se,2026-10-01T10:53:56.526934+00:00,,,,,,,
Petro Bio AB,,5591441877,70,Relevant SNI 71124 (+45); Company size indicates purchasing capacity (+20); Recently retrieved source data (+5),71124,Göteborg,Västra Götaland,"Box 52090, 400 25, Göteborg",25,117224 kSEK (2025),,Allabolag.se,2026-10-01T10:54:45.540934+00:00,,,,,,,
Pharmadule Morimatsu AB,,5568464910,70,Relevant SNI 71122 (+45); Company size indicates purchasing capacity (+20); Recently retrieved source data (+5),71122,Nacka,Stockholm,"Hästholmsvägen 28, 131 30, Nacka",16,375375 kSEK (2024),,Allabolag.se,2026-10-01T10:53:35.699632+00:00,,,,,,,
Pharmetheus AB,,5568956352,70,Relevant SNI 71122 (+45); Company size indicates purchasing capacity (+20); Recently retrieved source data (+5),71122,Uppsala,Uppsala,"Kungsängstull 4, 753 19, Uppsala",95,229468 kSEK (2025),,Allabolag.se,2026-10-01T10:53:56.979730+00:00,,,,,,,
PhoneLife AB,,5569135386,70,Relevant SNI 71121 (+45); Company size indicates purchasing capacity (+20); Recently retrieved source data (+5),47404; 71121; 62100,Sollentuna,Stockholm,"Bergkällavägen 34, 192 79, Sollentuna",22,154293 kSEK (2024),,Allabolag.se,2026-10-01T10:54:25.922906+00:00,,,,,,,
Piab Aktiebolag,,5560557687,70,Relevant SNI 71122 (+45); Company size indicates purchasing capacity (+20); Recently retrieved source data (+5),71122,Danderyd,Stockholm,"Box 146, 182 12, Danderyd",170,1021661 kSEK (2025),,Allabolag.se,2026-10-01T10:53:15.710393+00:00,,,,,,,
Plenab AB,,5568403108,70,Relevant SNI 71121 (+45); Company size indicates purchasing capacity (+20); Recently retrieved source data (+5),41000; 68110; 47121; 71121; 43310,Södertälje,Stockholm,"Box 5203, 151 13, Södertälje",16,100284 kSEK (2025),,Allabolag.se,2026-10-01T10:54:56.903635+00:00,,,,,,,
Polcirkelns Pålar och Spont AB,,5593211443,70,Relevant SNI 71121 (+45); Company size indicates purchasing capacity (+20); Recently retrieved source data (+5),43420; 43500; 71121,Umeå,Västerbotten,"c/o NÅIDEN BYGG AB, Box 914 C/O Nåiden Bygg Ab, 971 27, Luleå",23,193628 kSEK (2025),,Allabolag.se,2026-10-01T10:54:06.644365+00:00,,,,,,,
Polestar Performance AB,,5566533096,70,Relevant SNI 71122 (+45); Company size indicates purchasing capacity (+20); Recently retrieved source data (+5),46181; 71122; 47820,Göteborg,Västra Götaland,"c/o Polestar HQ, Assar Gabrielssons Väg 9, 405 31, Göteborg",1045,14362541 kSEK (2024),,Allabolag.se,2026-10-01T10:53:05.211080+00:00,,,,,,,
Polygon Sverige AB,,5560346164,70,Relevant SNI 71124 (+45); Company size indicates purchasing capacity (+20); Recently retrieved source data (+5),81221; 43110; 71124; 43999; 78201; 39000,Solna,Stockholm,"Box 1227, 171 23, Solna",403,402844 kSEK (2024),,Allabolag.se,2026-10-01T10:53:35.554981+00:00,,,,,,,
Posti Logistics Staffing AB,,5569203689,70,Relevant SNI 71122 (+45); Company size indicates purchasing capacity (+20); Recently retrieved source data (+5),78201; 71122; 52250,Stockholm,Stockholm,"Strandbergsgatan 55, 112 51, Stockholm",522,366364 kSEK (2025),,Allabolag.se,2026-10-01T10:53:45.022286+00:00,,,,,,,
Power Factors AB,,5567750103,70,Relevant SNI 71124 (+45); Company size indicates purchasing capacity (+20); Recently retrieved source data (+5),71124,Göteborg,Västra Götaland,"c/o Convendum, Stampgatan 14, 411 01, Göteborg",45,100041 kSEK (2025),,Allabolag.se,2026-10-01T10:54:56.903752+00:00,,,,,,,
Power Heat Piping South AB,,5569227530,70,Relevant SNI 71124 (+45); Company size indicates purchasing capacity (+20); Recently retrieved source data (+5),71124,Malmö,Skåne,"Risyxegatan 6, 213 76, Malmö",55,118131 kSEK (2025),,Allabolag.se,2026-10-01T10:54:45.540864+00:00,,,,,,,
PPAM Solkraft AB,,5590669916,70,Relevant SNI 71124 (+45); Company size indicates purchasing capacity (+20); Recently retrieved source data (+5),71124; 43210; 71129,Linköping,Östergötland,"Ljung Tegelbruket 3, 585 75, Ljungsbro",53,219809 kSEK (2023),,Allabolag.se,2026-10-01T10:54:04.805835+00:00,,,,,,,
Presto AB,,5561120584,70,Relevant SNI 71121 (+45); Company size indicates purchasing capacity (+20); Recently retrieved source data (+5),28290; 46649; 47789; 85594; 52249; 85599; 33120; 71121,Katrineholm,Södermanland,"Box 315, 641 23, Katrineholm",634,1465869 kSEK (2025),,Allabolag.se,2026-10-01T10:53:15.355516+00:00,,,,,,,
Prevas Aktiebolag,,5562521384,70,Relevant SNI 71123 (+45); Company size indicates purchasing capacity (+20); Recently retrieved source data (+5),62201; 62100; 71123; 71122; 70100; 70200,Västerås,Västmanland,"Box 4, 721 03, Västerås",399,775255 kSEK (2025),,Allabolag.se,2026-10-01T10:53:24.784950+00:00,,,,,,,
Prevas Industrial Innovation AB,,5564866662,70,Relevant SNI 71122 (+45); Company size indicates purchasing capacity (+20); Recently retrieved source data (+5),71122; 70200,Västerås,Västmanland,"c/o Prevas AB, Box 4, 721 03, Västerås",180,301166 kSEK (2025),,Allabolag.se,2026-10-01T10:53:45.584485+00:00,,,,,,,
Primetail AB,,5569446395,70,Relevant SNI 71122 (+45); Company size indicates purchasing capacity (+20); Recently retrieved source data (+5),46190; 71122,Malmö,Skåne,"Dammfrivägen 61 1trn, 217 63, Malmö",12,156020 kSEK (2024),,Allabolag.se,2026-10-01T10:54:25.922746+00:00,,,,,,,
Procero AB,,5568267214,70,Relevant SNI 71122 (+45); Company size indicates purchasing capacity (+20); Recently retrieved source data (+5),71122,Örnsköldsvik,Västernorrland,"Renvägen 12, 892 40, Domsjö",10,107141 kSEK (2025),,Allabolag.se,2026-10-01T10:54:54.818190+00:00,,,,,,,
Projektlaget Bygg i Lidköping AB,,5568542897,70,Relevant SNI 71121 (+45); Company size indicates purchasing capacity (+20); Recently retrieved source data (+5),41000; 71121,Lidköping,Västra Götaland,"Karlstorpsvägen 1, 531 57, Lidköping",29,143988 kSEK (2025),,Allabolag.se,2026-10-01T10:54:26.770763+00:00,,,,,,,
Proteam Process & Cleantech AB,,5568056914,70,Relevant SNI 71122 (+45); Company size indicates purchasing capacity (+20); Recently retrieved source data (+5),28990; 25220; 22240; 71122; 33120,Norrköping,Östergötland,"Kakelugnsvägen 5, 618 33, Kolmården",22,105807 kSEK (2025),,Allabolag.se,2026-10-01T10:54:54.818485+00:00,,,,,,,
Purac AB,,5562293125,70,Relevant SNI 71121 (+45); Company size indicates purchasing capacity (+20); Recently retrieved source data (+5),71121; 70100; 28290,Lund,Skåne,"Box 1146, 221 05, Lund",28,654622 kSEK (2025),,Allabolag.se,2026-10-01T10:53:25.448309+00:00,,,,,,,
PVS Mark & Anläggning AB,,5591646145,70,Relevant SNI 71121 (+45); Company size indicates purchasing capacity (+20); Recently retrieved source data (+5),71121,Malmö,Skåne,"Krossverksgatan 7 f, 216 16, Limhamn",18,94812 kSEK (2024),,Allabolag.se,2026-10-01T10:55:04.885995+00:00,,,,,,,
Qamcom Research and Technology AB,,5567958003,70,Relevant SNI 71122 (+45); Company size indicates purchasing capacity (+20); Recently retrieved source data (+5),71122,Göteborg,Västra Götaland,"Falkenbergsgatan 3 6tr, 412 85, Göteborg",106,228063 kSEK (2024),,Allabolag.se,2026-10-01T10:53:56.979788+00:00,,,,,,,
Quokka AB,,5591541700,70,Relevant SNI 71122 (+45); Company size indicates purchasing capacity (+20); Recently retrieved source data (+5),71122,Göteborg,Västra Götaland,"Kungsportsplatsen 1, 411 10, Göteborg",126,283292 kSEK (2024),,Allabolag.se,2026-10-01T10:53:45.687581+00:00,,,,,,,
Railcare T AB,,5569046674,70,Relevant SNI 71121 (+45); Company size indicates purchasing capacity (+20); Recently retrieved source data (+5),77390; 43120; 71121,Skellefteå,Västerbotten,"Box 34, 932 21, Skelleftehamn",75,386630 kSEK (2025),,Allabolag.se,2026-10-01T10:53:35.699207+00:00,,,,,,,
Ramboll Sweden AB,,5561330506,70,Relevant SNI 71121 (+45); Company size indicates purchasing capacity (+20); Recently retrieved source data (+5),71121; 71124; 71123; 74990,Stockholm,Stockholm,"Box 17009, 104 62, Stockholm",1338,2327519 kSEK (2025),,Allabolag.se,2026-10-01T10:53:05.707148+00:00,,,,,,,
Ramudden AB,,5566746730,70,Relevant SNI 71121 (+45); Company size indicates purchasing capacity (+20); Recently retrieved source data (+5),77390; 77320; 71121; 70100,Gävle,Gävleborg,"c/o Ramudden AB, Box 298, 801 04, Gävle",550,1451448 kSEK (2025),,Allabolag.se,2026-10-01T10:53:15.355564+00:00,,,,,,,
Rejlers International Engineering Solutions AB,,5561983965,70,Relevant SNI 71122 (+45); Company size indicates purchasing capacity (+20); Recently retrieved source data (+5),71122,Göteborg,Västra Götaland,"Box 3104, 350 43, Växjö",206,223817 kSEK (2024),,Allabolag.se,2026-10-01T10:54:04.805702+00:00,,,,,,,
Rejlers Sverige AB,,5560510272,70,Relevant SNI 71123 (+45); Company size indicates purchasing capacity (+20); Recently retrieved source data (+5),71123; 71122; 71121; 70100,Stockholm,Stockholm,"Box 30233, 104 25, Stockholm",1375,2485129 kSEK (2025),,Allabolag.se,2026-10-01T10:53:05.707114+00:00,,,,,,,
Renholmen Aktiebolag,,5560852096,70,Relevant SNI 71122 (+45); Company size indicates purchasing capacity (+20); Recently retrieved source data (+5),46620; 71122,Skellefteå,Västerbotten,"Box 10, 934 24, Byske",57,348145 kSEK (2025),,Allabolag.se,2026-10-01T10:53:45.022471+00:00,,,,,,,
RentSafe Sverige AB,,5591995096,70,Relevant SNI 71129 (+45); Company size indicates purchasing capacity (+20); Recently retrieved source data (+5),77320; 78201; 46630; 77390; 52219; 71129; 85594; 71121,Sollentuna,Stockholm,"Konsumentvägen 2, 192 68, Sollentuna",128,213178 kSEK (2025),,Allabolag.se,2026-10-01T10:54:05.410241+00:00,,,,,,,
RIBA Aktiebolag,,5590017538,70,Relevant SNI 71124 (+45); Company size indicates purchasing capacity (+20); Recently retrieved source data (+5),71124,Stockholm,Stockholm,"Söder Mälarstrand 77, 118 25, Stockholm",42,142756 kSEK (2025),,Allabolag.se,2026-10-01T10:54:35.196465+00:00,,,,,,,
Rimaster Development AB,,5566964309,70,Relevant SNI 71129 (+45); Company size indicates purchasing capacity (+20); Recently retrieved source data (+5),27330; 71129,Söderhamn,Gävleborg,"Industrivägen 14, 590 44, Rimforsa",72,187741 kSEK (2025),,Allabolag.se,2026-10-01T10:54:14.835126+00:00,,,,,,,
RISE Research Institutes of Sweden AB,,5564646874,70,Relevant SNI 71129 (+45); Company size indicates purchasing capacity (+20); Recently retrieved source data (+5),72109; 71200; 72101; 72200; 26510; 71129; 70200; 70100; 71124,Borås,Västra Götaland,"Box 857, 501 15, Borås",2805,3874000 kSEK (2025),,Allabolag.se,2026-10-01T10:53:05.573257+00:00,,,,,,,
Robert Bergs Produktionskonsult AB,,5569589749,70,Relevant SNI 71122 (+45); Company size indicates purchasing capacity (+20); Recently retrieved source data (+5),71122; 43999,Piteå,Norrbotten,"Torggatan 13, 941 42, Piteå",17,108991 kSEK (2020),,Allabolag.se,2026-10-01T10:54:46.758925+00:00,,,,,,,
Roima Sweden AB,,5564796513,70,Relevant SNI 71122 (+45); Company size indicates purchasing capacity (+20); Recently retrieved source data (+5),62100; 71122; 62201; 46501,Göteborg,Västra Götaland,"Fabrikstorget 1, 412 50, Göteborg",54,113884 kSEK (2025),,Allabolag.se,2026-10-01T10:54:46.045901+00:00,,,,,,,
Rosenqvists Food Technologies AB,,5567816706,70,Relevant SNI 71122 (+45); Company size indicates purchasing capacity (+20); Recently retrieved source data (+5),71122,Kristianstad,Skåne,"Väverigatan 2 b, 291 54, Kristianstad",34,614790 kSEK (2025),,Allabolag.se,2026-10-01T10:53:25.548158+00:00,,,,,,,
Roslagens MarkEntreprenad AB,,5568371198,70,Relevant SNI 71121 (+45); Company size indicates purchasing capacity (+20); Recently retrieved source data (+5),43120; 71121,Norrtälje,Stockholm,"August Strindbergs Gata 17, 761 46, Norrtälje",31,136189 kSEK (2025),,Allabolag.se,2026-10-01T10:54:35.563191+00:00,,,,,,,
Rote Consulting AB,,5563716876,70,Relevant SNI 71123 (+45); Company size indicates purchasing capacity (+20); Recently retrieved source data (+5),71123,Stockholm,Stockholm,"Box 5327, 102 47, Stockholm",121,201039 kSEK (2025),,Allabolag.se,2026-10-01T10:54:05.678042+00:00,,,,,,,
RSA Skåne Malmö-Lund AB,,5566957683,70,Relevant SNI 71123 (+45); Company size indicates purchasing capacity (+20); Recently retrieved source data (+5),71123,Malmö,Skåne,"Stekelgatan 20, 212 23, Malmö",64,91398 kSEK (2024),,Allabolag.se,2026-10-01T10:55:05.686434+00:00,,,,,,,
Runway Safe AB,,5569645764,70,Relevant SNI 71121 (+45); Company size indicates purchasing capacity (+20); Recently retrieved source data (+5),71121,Göteborg,Västra Götaland,"Box 53257, 400 16, Göteborg",11,134403 kSEK (2025),,Allabolag.se,2026-10-01T10:54:35.563378+00:00,,,,,,,
Rydlers Bygg Aktiebolag,,5562204106,70,Relevant SNI 71121 (+45); Company size indicates purchasing capacity (+20); Recently retrieved source data (+5),41000; 71121,Vårgårda,Västra Götaland,"Asklanda Affär 1, 447 93, Vårgårda",53,167565 kSEK (2025),,Allabolag.se,2026-10-01T10:54:16.706002+00:00,,,,,,,
RZ Mekpart AB,,5563252500,70,Relevant SNI 71122 (+45); Company size indicates purchasing capacity (+20); Recently retrieved source data (+5),71122; 71200,Mölndal,Västra Götaland,"Magasinsvägen 9, 438 36, Landvetter",68,133682 kSEK (2025),,Allabolag.se,2026-10-01T10:54:36.153918+00:00,,,,,,,
SAAB Aktiebolag,,5560360793,70,Relevant SNI 71123 (+45); Company size indicates purchasing capacity (+20); Recently retrieved source data (+5),30320; 26510; 26200; 26300; 26700; 25300; 26400; 71123; 72109; 70100; 46141; 62201; 33180; 43210; 52230; 62100; 51211; 25530; 46649; 71122,Linköping,Östergötland,"581 88, Linköping",13092,43101000 kSEK (2025),,Allabolag.se,2026-10-01T10:53:05.210784+00:00,,,,,,,
Saferoad Traffic AB,,5560308073,70,Relevant SNI 71129 (+45); Company size indicates purchasing capacity (+20); Recently retrieved source data (+5),71129; 46831; 77390; 23660; 25530,Köping,Västmanland,"Box 920, 731 29, Köping",239,528438 kSEK (2025),,Allabolag.se,2026-10-01T10:53:25.711306+00:00,,,,,,,
Sandbäckens Rör i Landskrona / Helsingborg AB,,5593047979,70,Relevant SNI 71124 (+45); Company size indicates purchasing capacity (+20); Recently retrieved source data (+5),71124,Landskrona,Skåne,"Sunnorpsgatan 6, 582 73, Linköping",41,105208 kSEK (2025),,Allabolag.se,2026-10-01T10:54:55.691259+00:00,,,,,,,
Sandviken Energi Vatten AB,,5567916043,70,Relevant SNI 71121 (+45); Company size indicates purchasing capacity (+20); Recently retrieved source data (+5),36000; 71121; 37000,Sandviken,Gävleborg,"Box 91, 811 21, Sandviken",28,157522 kSEK (2025),,Allabolag.se,2026-10-01T10:54:25.922631+00:00,,,,,,,
SBC Sveriges Bostadsrättscentrum AB,,5565767299,70,Relevant SNI 71121 (+45); Company size indicates purchasing capacity (+20); Recently retrieved source data (+5),68320; 69102; 71121,Stockholm,Stockholm,"Box 1353, 111 83, Stockholm",362,688214 kSEK (2025),,Allabolag.se,2026-10-01T10:53:25.448093+00:00,,,,,,,
Scanarc Plasma Technologies Aktiebolag,,5563263598,70,Relevant SNI 71122 (+45); Company size indicates purchasing capacity (+20); Recently retrieved source data (+5),28990; 71122; 28910; 72109,Hofors,Gävleborg,"Kyrkogårdsvägen 4, 813 35, Hofors",24,242269 kSEK (2025),,Allabolag.se,2026-10-01T10:53:56.526873+00:00,,,,,,,
Scandinavian Centriair AB,,5567379374,70,Relevant SNI 71124 (+45); Company size indicates purchasing capacity (+20); Recently retrieved source data (+5),71124,Partille,Västra Götaland,"Ögärdesvägen 4 a, 433 30, Partille",33,145569 kSEK (2025),,Allabolag.se,2026-10-01T10:54:26.770601+00:00,,,,,,,
Scandinavian Enviro Systems AB,,5566056726,70,Relevant SNI 71124 (+45); Company size indicates purchasing capacity (+20); Recently retrieved source data (+5),71124,Göteborg,Västra Götaland,"Frihamnen 16 b, 417 70, Göteborg",16,158303 kSEK (2024),,Allabolag.se,2026-10-01T10:54:25.373752+00:00,,,,,,,
Scanfil Åtvidaberg AB,,5565398012,70,Relevant SNI 71122 (+45); Company size indicates purchasing capacity (+20); Recently retrieved source data (+5),28990; 26110; 28230; 71122,Åtvidaberg,Östergötland,"597 80, Åtvidaberg",184,746153 kSEK (2025),,Allabolag.se,2026-10-01T10:53:25.447947+00:00,,,,,,,
Schaktpartner i Eskilstuna AB,,5567000558,70,Relevant SNI 71121 (+45); Company size indicates purchasing capacity (+20); Recently retrieved source data (+5),71121; 43120,Eskilstuna,Södermanland,"Mestadalsvägen 1, 632 36, Eskilstuna",22,189755 kSEK (2025),,Allabolag.se,2026-10-01T10:54:06.644395+00:00,,,,,,,
Schneider Electric Sverige AB,,5562593532,70,Relevant SNI 71122 (+45); Company size indicates purchasing capacity (+20); Recently retrieved source data (+5),46502; 46141; 46501; 46842; 46642; 71122; 43222; 46433; 46649,Solna,Stockholm,"Frösundaviks Allé 1, 169 70, Solna",718,4054401 kSEK (2024),,Allabolag.se,2026-10-01T10:53:05.573104+00:00,,,,,,,
Scior Geomanagement AB,,5566227483,70,Relevant SNI 71121 (+45); Company size indicates purchasing capacity (+20); Recently retrieved source data (+5),71121,Sundsvall,Västernorrland,"c/o SCIOR GEOMANAGEMENT AB, Trafikgatan 52 a, 856 44, Sundsvall",61,125923 kSEK (2025),,Allabolag.se,2026-10-01T10:54:36.665058+00:00,,,,,,,
Segula Technologies AB,,5562451921,70,Relevant SNI 71122 (+45); Company size indicates purchasing capacity (+20); Recently retrieved source data (+5),71122; 71200,Göteborg,Västra Götaland,"Pumpgatan 1, 417 55, Göteborg",146,215002 kSEK (2024),,Allabolag.se,2026-10-01T10:54:05.410171+00:00,,,,,,,
Senergia AB,,5569696023,70,Relevant SNI 71124 (+45); Company size indicates purchasing capacity (+20); Recently retrieved source data (+5),46502; 71124,Stockholm,Stockholm,"Vasagatan 17, 111 20, Stockholm",36,377940 kSEK (2025),,Allabolag.se,2026-10-01T10:53:35.699602+00:00,,,,,,,
Sensor Control Nordic AB,,5564227899,70,Relevant SNI 71122 (+45); Company size indicates purchasing capacity (+20); Recently retrieved source data (+5),46501; 71122,Solna,Stockholm,"Gustav Iii:S Boulevard 32, 169 73, Solna",26,232825 kSEK (2026),,Allabolag.se,2026-10-01T10:53:56.979665+00:00,,,,,,,
Sensys Gatso Sweden AB,,5568113376,70,Relevant SNI 71122 (+45); Company size indicates purchasing capacity (+20); Recently retrieved source data (+5),71122; 72109,Jönköping,Jönköping,"Box 2174, 550 02, Jönköping",39,209743 kSEK (2025),,Allabolag.se,2026-10-01T10:54:05.410274+00:00,,,,,,,
SETEK Systems AB,,5562638816,70,Relevant SNI 71122 (+45); Company size indicates purchasing capacity (+20); Recently retrieved source data (+5),46501; 71122; 71200; 33130,Mölndal,Västra Götaland,"Flöjelbergsgatan 14 c, 431 37, Mölndal",31,158471 kSEK (2025),,Allabolag.se,2026-10-01T10:54:25.373718+00:00,,,,,,,
SIBEK AB (publ),,5567298483,70,Relevant SNI 71122 (+45); Company size indicates purchasing capacity (+20); Recently retrieved source data (+5),71122,Täby,Stockholm,"Polygonvägen 39, 187 66, Täby",63,158613 kSEK (2025),,Allabolag.se,2026-10-01T10:54:25.373682+00:00,,,,,,,
Sigma Energy & Marine AB,,5568504673,70,Relevant SNI 71122 (+45); Company size indicates purchasing capacity (+20); Recently retrieved source data (+5),71122,Göteborg,Västra Götaland,"Ekelundsgatan 1 Våning 8, 411 18, Göteborg",78,124116 kSEK (2024),,Allabolag.se,2026-10-01T10:54:44.780180+00:00,,,,,,,
Sigma Industry Development AB,,5593661472,70,Relevant SNI 71122 (+45); Company size indicates purchasing capacity (+20); Recently retrieved source data (+5),71122,Stockholm,Stockholm,"Marieviksgatan 19 c, 117 60, Stockholm",106,188909 kSEK (2025),,Allabolag.se,2026-10-01T10:54:06.644415+00:00,,,,,,,
Sigma Industry Evolve AB,,5593661514,70,Relevant SNI 71122 (+45); Company size indicates purchasing capacity (+20); Recently retrieved source data (+5),71122,Uppsala,Uppsala,"Marieviksgatan 19 c, 117 60, Stockholm",53,91753 kSEK (2025),,Allabolag.se,2026-10-01T10:55:05.686310+00:00,,,,,,,
Sigma Industry Innovation AB,,5593661522,70,Relevant SNI 71122 (+45); Company size indicates purchasing capacity (+20); Recently retrieved source data (+5),71122,Eskilstuna,Södermanland,"Marieviksgatan 19 c, 117 60, Stockholm",77,157771 kSEK (2025),,Allabolag.se,2026-10-01T10:54:25.373785+00:00,,,,,,,
Sigma Industry North AB,,5593692717,70,Relevant SNI 71122 (+45); Company size indicates purchasing capacity (+20); Recently retrieved source data (+5),71122,Umeå,Västerbotten,"Marieviksgatan 19 c, 117 60, Stockholm",48,140408 kSEK (2025),,Allabolag.se,2026-10-01T10:54:35.196781+00:00,,,,,,,
Sigma Industry Smart AB,,5593661480,70,Relevant SNI 71122 (+45); Company size indicates purchasing capacity (+20); Recently retrieved source data (+5),71122,Stockholm,Stockholm,"Marieviksgatan 19 c, 117 60, Stockholm",82,178086 kSEK (2025),,Allabolag.se,2026-10-01T10:54:15.445976+00:00,,,,,,,
Sigma Industry South AB,,5569553109,70,Relevant SNI 71122 (+45); Company size indicates purchasing capacity (+20); Recently retrieved source data (+5),71122,Lund,Skåne,"Mobilvägen 10, 223 62, Lund",251,326090 kSEK (2025),,Allabolag.se,2026-10-01T10:53:45.394303+00:00,,,,,,,
Sigma Industry West AB,,5569584096,70,Relevant SNI 71122 (+45); Company size indicates purchasing capacity (+20); Recently retrieved source data (+5),71122,Göteborg,Västra Götaland,"Lindholmspiren 9, 417 56, Göteborg",136,246657 kSEK (2025),,Allabolag.se,2026-10-01T10:53:56.526694+00:00,,,,,,,
Sigma Technology Digital Solutions AB,,5593004855,70,Relevant SNI 71129 (+45); Company size indicates purchasing capacity (+20); Recently retrieved source data (+5),71129,Göteborg,Västra Götaland,"Lindholmspiren 9, 417 56, Göteborg",53,96966 kSEK (2025),,Allabolag.se,2026-10-01T10:54:57.017299+00:00,,,,,,,
Sigma Technology Embedded Solutions AB,,5590314570,70,Relevant SNI 71129 (+45); Company size indicates purchasing capacity (+20); Recently retrieved source data (+5),71129,Göteborg,Västra Götaland,"Lindholmspiren 9, 417 56, Göteborg",89,162928 kSEK (2025),,Allabolag.se,2026-10-01T10:54:16.706533+00:00,,,,,,,
Sigma Technology Software Solutions AB,,5592833791,70,Relevant SNI 71129 (+45); Company size indicates purchasing capacity (+20); Recently retrieved source data (+5),71129; 62100; 62201,Lund,Skåne,"Lindholmspiren 9, 417 56, Göteborg",83,133739 kSEK (2025),,Allabolag.se,2026-10-01T10:54:36.153880+00:00,,,,,,,
Sitowise Sverige AB,,5566249388,70,Relevant SNI 71121 (+45); Company size indicates purchasing capacity (+20); Recently retrieved source data (+5),71121; 71123; 71124; 71122,Stockholm,Stockholm,"Katarinavägen 15 Pl 4, 116 45, Stockholm",254,283926 kSEK (2025),,Allabolag.se,2026-10-01T10:53:45.687550+00:00,,,,,,,
Sjömarkens Isolering Aktiebolag,,5562381839,70,Relevant SNI 71124 (+45); Company size indicates purchasing capacity (+20); Recently retrieved source data (+5),43230; 71124,Borås,Västra Götaland,"Maskingatan 3, 504 62, Borås",40,95478 kSEK (2025),,Allabolag.se,2026-10-01T10:55:04.885850+00:00,,,,,,,
Skellefteå Kraft Energiservice Aktiebolag,,5590284310,70,Relevant SNI 71121 (+45); Company size indicates purchasing capacity (+20); Recently retrieved source data (+5),42221; 42990; 35140; 52100; 71121; 42210,Skellefteå,Västerbotten,"931 80, Skellefteå",274,489006 kSEK (2025),,Allabolag.se,2026-10-01T10:53:34.961599+00:00,,,,,,,
Skellefteå Kraftaktiebolag,,5560162561,70,Relevant SNI 71124 (+45); Company size indicates purchasing capacity (+20); Recently retrieved source data (+5),35120; 35300; 16260; 71124; 35150,Skellefteå,Västerbotten,"931 80, Skellefteå",566,5201380 kSEK (2025),,Allabolag.se,2026-10-01T10:53:05.360315+00:00,,,,,,,
SKF Sverige Aktiebolag,,5562408301,70,Relevant SNI 71122 (+45); Company size indicates purchasing capacity (+20); Recently retrieved source data (+5),28150; 46649; 71122; 25940; 74990; 28990; 82990; 46641; 62100; 28290; 93119,Göteborg,Västra Götaland,"Sven Wingquists Gata 2, 415 05, Göteborg",1144,8057198 kSEK (2025),,Allabolag.se,2026-10-01T10:53:05.360170+00:00,,,,,,,
SLS Kyla Värme Energi AB,,5565606471,70,Relevant SNI 71122 (+45); Company size indicates purchasing capacity (+20); Recently retrieved source data (+5),28250; 43223; 71122,Norrköping,Östergötland,"Lindövägen 75, 602 28, Norrköping",22,146940 kSEK (2025),,Allabolag.se,2026-10-01T10:54:26.033532+00:00,,,,,,,
Sodexo AB,,5565282984,70,Relevant SNI 71121 (+45); Company size indicates purchasing capacity (+20); Recently retrieved source data (+5),81210; 56222; 56221; 82990; 62202; 82300; 86999; 33170; 82100; 81230; 55101; 70100; 47121; 43222; 77220; 46460; 84110; 71121; 53201; 47112; 56110,Solna,Stockholm,"Box 24153, 104 51, Stockholm",4028,4014893 kSEK (2025),,Allabolag.se,2026-10-01T10:53:05.573205+00:00,,,,,,,
Softube AB,,5566487269,70,Relevant SNI 71123 (+45); Company size indicates purchasing capacity (+20); Recently retrieved source data (+5),58290; 46501; 62100; 71123,Linköping,Östergötland,"S:T Larsgatan 9 d, 582 24, Linköping",56,98563 kSEK (2024),,Allabolag.se,2026-10-01T10:54:57.016819+00:00,,,,,,,
Solarwork Sverige AB,,5591120448,70,Relevant SNI 71124 (+45); Company size indicates purchasing capacity (+20); Recently retrieved source data (+5),71124,Stockholm,Stockholm,"Kivra: 559112-0448, 106 31, Stockholm",32,119644 kSEK (2025),,Allabolag.se,2026-10-01T10:54:45.540758+00:00,,,,,,,
Soldags i Sverige AB,,5590626569,70,Relevant SNI 71124 (+45); Company size indicates purchasing capacity (+20); Recently retrieved source data (+5),43210; 71124,Stockholm,Stockholm,"c/o SOLTECH ENERGY STAFFAN WOGENIUS, Birger Jarlsgatan 41 a, 111 45, Stockholm",71,138373 kSEK (2024),,Allabolag.se,2026-10-01T10:54:35.196877+00:00,,,,,,,
Soltech Energy Solutions 1988 AB,,5563401560,70,Relevant SNI 71124 (+45); Company size indicates purchasing capacity (+20); Recently retrieved source data (+5),71124,Stockholm,Stockholm,"Ostmästargränd 5, 120 40, Årsta",63,261692 kSEK (2025),,Allabolag.se,2026-10-01T10:53:54.769194+00:00,,,,,,,
Soolar Solenergi AB,,5592593932,70,Relevant SNI 71124 (+45); Company size indicates purchasing capacity (+20); Recently retrieved source data (+5),43210; 46502; 71124,Göteborg,Västra Götaland,"Datavägen 37 b, 436 32, Askim",63,153365 kSEK (2024),,Allabolag.se,2026-10-01T10:54:25.922931+00:00,,,,,,,
Speeron AB,,5567138812,70,Relevant SNI 71123 (+45); Company size indicates purchasing capacity (+20); Recently retrieved source data (+5),46501; 71123,Solna,Stockholm,"Röntgenvägen 3 d, 171 54, Solna",18,92769 kSEK (2025),,Allabolag.se,2026-10-01T10:55:05.685747+00:00,,,,,,,
Splitvision Design AB,,5564816345,70,Relevant SNI 71122 (+45); Company size indicates purchasing capacity (+20); Recently retrieved source data (+5),71122; 71121,Stockholm,Stockholm,"Hudiksvallsgatan 8, 113 30, Stockholm",17,155972 kSEK (2025),,Allabolag.se,2026-10-01T10:54:25.922780+00:00,,,,,,,
SSC Space AB,,5561665836,70,Relevant SNI 71129 (+45); Company size indicates purchasing capacity (+20); Recently retrieved source data (+5),71129; 72109; 61100; 71200,Solna,Stockholm,"Torggatan 15, 171 54, Solna",329,1171221 kSEK (2025),,Allabolag.se,2026-10-01T10:53:15.514481+00:00,,,,,,,
SSG Standard Solutions Group AB,,5564031523,70,Relevant SNI 71122 (+45); Company size indicates purchasing capacity (+20); Recently retrieved source data (+5),71122,Sundsvall,Västernorrland,"Skönsbergsvägen 3, 856 41, Sundsvall",105,247252 kSEK (2025),,Allabolag.se,2026-10-01T10:53:55.342646+00:00,,,,,,,
St1 Biokraft AB,,5565284733,70,Relevant SNI 71122 (+45); Company size indicates purchasing capacity (+20); Recently retrieved source data (+5),71122; 72101,Stockholm,Stockholm,"Kungsbron 1 Uppgång c Våning 8, 111 22, Stockholm",66,115928 kSEK (2025),,Allabolag.se,2026-10-01T10:54:46.045727+00:00,,,,,,,
STARKA Betongelement AB,,5566486238,70,Relevant SNI 71121 (+45); Company size indicates purchasing capacity (+20); Recently retrieved source data (+5),23610; 41000; 71121,Kristianstad,Skåne,"Box 520, 291 25, Kristianstad",177,465588 kSEK (2025),,Allabolag.se,2026-10-01T10:53:34.961805+00:00,,,,,,,
Starsprings Sweden AB,,5560655903,70,Relevant SNI 71129 (+45); Company size indicates purchasing capacity (+20); Recently retrieved source data (+5),31009; 29320; 71129; 82990,Herrljunga,Västra Götaland,"Björkvägen 3, 524 32, Herrljunga",66,180005 kSEK (2024),,Allabolag.se,2026-10-01T10:54:15.445873+00:00,,,,,,,
STELLA FUTURA AB,,5591699557,70,Relevant SNI 71124 (+45); Company size indicates purchasing capacity (+20); Recently retrieved source data (+5),71124,Stockholm,Stockholm,"Solnavägen 3 h, 113 63, Stockholm",23,112474 kSEK (2025),,Allabolag.se,2026-10-01T10:54:46.046056+00:00,,,,,,,
Stjernplan Entreprenad Syd AB,,5569735987,70,Relevant SNI 71121 (+45); Company size indicates purchasing capacity (+20); Recently retrieved source data (+5),71121,Svedala,Skåne,"Företagsgatan 9, 233 51, Svedala",10,186358 kSEK (2022),,Allabolag.se,2026-10-01T10:54:14.835576+00:00,,,,,,,
Stockholm Byggkoncept AB,,5567159180,70,Relevant SNI 71121 (+45); Company size indicates purchasing capacity (+20); Recently retrieved source data (+5),41000; 71121,Stockholm,Stockholm,"Veterinärgränd 6, 121 63, Johanneshov",26,387910 kSEK (2025),,Allabolag.se,2026-10-01T10:53:35.699163+00:00,,,,,,,
Stoneridge Electronics AB,,5564429388,70,Relevant SNI 71123 (+45); Company size indicates purchasing capacity (+20); Recently retrieved source data (+5),26510; 26120; 71123; 27120; 70100; 46502; 46720; 71200,Solna,Stockholm,"Box 3133, 169 03, Solna",301,2001589 kSEK (2025),,Allabolag.se,2026-10-01T10:53:14.975604+00:00,,,,,,,
Storbyggen STHLM AB,,5568157787,70,Relevant SNI 71121 (+45); Company size indicates purchasing capacity (+20); Recently retrieved source data (+5),43320; 71121,Salem,Stockholm,"Söderby Gårds Väg 69, 144 51, Rönninge",31,173371 kSEK (2025),,Allabolag.se,2026-10-01T10:54:15.757195+00:00,,,,,,,
Storstadens Entreprenad AB,,5568143225,70,Relevant SNI 71121 (+45); Company size indicates purchasing capacity (+20); Recently retrieved source data (+5),43320; 46130; 71121,Stockholm,Stockholm,"Fryksdalsbacken 12, 123 43, Farsta",29,257444 kSEK (2025),,Allabolag.se,2026-10-01T10:53:54.769454+00:00,,,,,,,
Studsvik Nuclear Aktiebolag,,5560516212,70,Relevant SNI 71122 (+45); Company size indicates purchasing capacity (+20); Recently retrieved source data (+5),72109; 71122; 68202; 71200,Nyköping,Södermanland,"Atomvägen 17, 611 82, Nyköping",157,332185 kSEK (2024),,Allabolag.se,2026-10-01T10:53:45.394240+00:00,,,,,,,
sudio AB,,5569138372,70,Relevant SNI 71123 (+45); Company size indicates purchasing capacity (+20); Recently retrieved source data (+5),46432; 71123; 47403,Stockholm,Stockholm,"Artillerigatan 42 4tr, 114 45, Stockholm",15,166777 kSEK (2025),,Allabolag.se,2026-10-01T10:54:16.706287+00:00,,,,,,,
Suir Engineering Sweden AB,,5591233639,70,Relevant SNI 71123 (+45); Company size indicates purchasing capacity (+20); Recently retrieved source data (+5),71123; 71121; 71124,Sollentuna,Stockholm,"Norra Malmvägen 143, 191 65, Sollentuna",36,555891 kSEK (2025),,Allabolag.se,2026-10-01T10:53:25.711124+00:00,,,,,,,
SUND BIRSTA Aktiebolag,,5562194679,70,Relevant SNI 71122 (+45); Company size indicates purchasing capacity (+20); Recently retrieved source data (+5),28290; 28990; 71122,Sundsvall,Västernorrland,"Box 994, 851 25, Sundsvall",88,414534 kSEK (2025),,Allabolag.se,2026-10-01T10:53:35.553599+00:00,,,,,,,
Sunkraft Energy Sweden AB,,5569318412,70,Relevant SNI 71124 (+45); Company size indicates purchasing capacity (+20); Recently retrieved source data (+5),43210; 46502; 71124,Haninge,Stockholm,"Förrådsvägen 17, 137 37, Västerhaninge",17,125538 kSEK (2025),,Allabolag.se,2026-10-01T10:54:36.665129+00:00,,,,,,,
Sustera Green Building AB,,5565756722,70,Relevant SNI 71121 (+45); Company size indicates purchasing capacity (+20); Recently retrieved source data (+5),71121,Stockholm,Stockholm,"Textilgatan 31, 120 30, Stockholm",84,117346 kSEK (2024),,Allabolag.se,2026-10-01T10:54:45.540900+00:00,,,,,,,
SVEA renewable solar AB,,5569551350,70,Relevant SNI 71122 (+45); Company size indicates purchasing capacity (+20); Recently retrieved source data (+5),46502; 71122; 43210,Stockholm,Stockholm,"Gustavslundsvägen 151 a, 167 51, Bromma",355,785174 kSEK (2025),,Allabolag.se,2026-10-01T10:53:24.784882+00:00,,,,,,,
Svensk Kärnbränslehantering Aktiebolag,,5561752014,70,Relevant SNI 71129 (+45); Company size indicates purchasing capacity (+20); Recently retrieved source data (+5),38322; 72109; 70100; 71129,Solna,Stockholm,"Box 3091, 169 03, Solna",549,1577565 kSEK (2025),,Allabolag.se,2026-10-01T10:53:14.976251+00:00,,,,,,,
Svenska Undervattensentreprenader AB,,5565678785,70,Relevant SNI 71129 (+45); Company size indicates purchasing capacity (+20); Recently retrieved source data (+5),71129,Strängnäs,Södermanland,"Backavägen 4, 645 47, Strängnäs",48,171626 kSEK (2025),,Allabolag.se,2026-10-01T10:54:15.757305+00:00,,,,,,,
Swarco Sverige AB,,5560247594,70,Relevant SNI 71123 (+45); Company size indicates purchasing capacity (+20); Recently retrieved source data (+5),71123; 43210; 70100,Huddinge,Stockholm,"Vretvägen 14, 142 34, Skogås",79,298977 kSEK (2025),,Allabolag.se,2026-10-01T10:53:45.584606+00:00,,,,,,,
SWECO Sverige AB,,5567679849,70,Relevant SNI 71121 (+45); Company size indicates purchasing capacity (+20); Recently retrieved source data (+5),71121; 71124; 71123; 71110; 71129; 70100; 74130; 63100; 71122,Stockholm,Stockholm,"Box 34044, 100 26, Stockholm",6303,9156670 kSEK (2025),,Allabolag.se,2026-10-01T10:53:05.360094+00:00,,,,,,,
Sylog Väst AB,,5569768640,70,Relevant SNI 71122 (+45); Company size indicates purchasing capacity (+20); Recently retrieved source data (+5),71122,Göteborg,Västra Götaland,"Lindholmspiren 5 b, 417 56, Göteborg",33,98279 kSEK (2025),,Allabolag.se,2026-10-01T10:54:57.017215+00:00,,,,,,,
Synopsys Sweden AB,,5563082808,70,Relevant SNI 71122 (+45); Company size indicates purchasing capacity (+20); Recently retrieved source data (+5),71122,Lund,Skåne,"Kalkstensvägen 3, 224 78, Lund",37,1099873 kSEK (2025),,Allabolag.se,2026-10-01T10:53:15.514586+00:00,,,,,,,
Syntronic Aktiebolag,,5562473305,70,Relevant SNI 71129 (+45); Company size indicates purchasing capacity (+20); Recently retrieved source data (+5),62201; 71129,Gävle,Gävleborg,"Box 965, 801 33, Gävle",30,224720 kSEK (2025),,Allabolag.se,2026-10-01T10:54:04.805670+00:00,,,,,,,
Syntronic Production Services AB,,5568074537,70,Relevant SNI 71122 (+45); Company size indicates purchasing capacity (+20); Recently retrieved source data (+5),71122,Sandviken,Gävleborg,"Länsmansvägen 3, 811 35, Sandviken",58,130050 kSEK (2025),,Allabolag.se,2026-10-01T10:54:36.154157+00:00,,,,,,,
Systecon AB,,5565366605,70,Relevant SNI 71129 (+45); Company size indicates purchasing capacity (+20); Recently retrieved source data (+5),71129; 62100,Stockholm,Stockholm,"Rehnsgatan 20 Box 191 71, 104 32, Stockholm",33,126142 kSEK (2025),,Allabolag.se,2026-10-01T10:54:36.664963+00:00,,,,,,,
Systeminstallation i Varberg AB,,5565337697,70,Relevant SNI 71124 (+45); Company size indicates purchasing capacity (+20); Recently retrieved source data (+5),71124,Varberg,Halland,"Härdgatan 9, 432 32, Varberg",90,186144 kSEK (2025),,Allabolag.se,2026-10-01T10:54:14.835700+00:00,,,,,,,
SYSTRA AB,,5565400677,70,Relevant SNI 71123 (+45); Company size indicates purchasing capacity (+20); Recently retrieved source data (+5),71123; 71121; 71122,Göteborg,Västra Götaland,"Folkungagatan 20, 411 02, Göteborg",302,404114 kSEK (2024),,Allabolag.se,2026-10-01T10:53:35.554948+00:00,,,,,,,
Säkerhetspartner Norden Aktiebolag,,5564194057,70,Relevant SNI 71121 (+45); Company size indicates purchasing capacity (+20); Recently retrieved source data (+5),71121,Luleå,Norrbotten,"Professorsvägen 7, 977 51, Luleå",92,108506 kSEK (2025),,Allabolag.se,2026-10-01T10:54:54.817932+00:00,,,,,,,
T Engineering AB,,5567806707,70,Relevant SNI 71122 (+45); Company size indicates purchasing capacity (+20); Recently retrieved source data (+5),72109; 71122; 29101; 47811; 46720,Trollhättan,Västra Götaland,"Nohabgatan 11 e, 461 53, Trollhättan",82,143482 kSEK (2025),,Allabolag.se,2026-10-01T10:54:26.771267+00:00,,,,,,,
T3 Hus 2 AB,,5593912271,70,Relevant SNI 71121 (+45); Company size indicates purchasing capacity (+20); Recently retrieved source data (+5),41000; 68120; 71121,Karlstad,Värmland,"Romstadsvägen 2 c, 653 42, Karlstad",39,395184 kSEK (2025),,Allabolag.se,2026-10-01T10:53:35.698845+00:00,,,,,,,
Takkraft AB,,5592641616,70,Relevant SNI 71124 (+45); Company size indicates purchasing capacity (+20); Recently retrieved source data (+5),46502; 71124; 43210,Haninge,Stockholm,"Handenterminalen 4 Våning 10, 136 40, Handen",18,129335 kSEK (2025),,Allabolag.se,2026-10-01T10:54:36.664861+00:00,,,,,,,
Tata Technologies Nordics AB,,5567981286,70,Relevant SNI 71122 (+45); Company size indicates purchasing capacity (+20); Recently retrieved source data (+5),71122,Göteborg,Västra Götaland,"Gustaf Larsons Väg 15, 418 78, Göteborg",89,146953 kSEK (2026),,Allabolag.se,2026-10-01T10:54:26.033473+00:00,,,,,,,
Technogarden AB,,5562765189,70,Relevant SNI 71122 (+45); Company size indicates purchasing capacity (+20); Recently retrieved source data (+5),71122,Malmö,Skåne,"Basargränd 5 5 Tr, 215 32, Malmö",67,205285 kSEK (2025),,Allabolag.se,2026-10-01T10:54:05.677932+00:00,,,,,,,
Techtribe AB,,5564054137,70,Relevant SNI 71122 (+45); Company size indicates purchasing capacity (+20); Recently retrieved source data (+5),71122; 43210; 28990,Göteborg,Västra Götaland,"Södra Långebergsgatan 30, 436 32, Askim",56,124939 kSEK (2025),,Allabolag.se,2026-10-01T10:54:44.780045+00:00,,,,,,,
Teenage Engineering AB,,5567183719,70,Relevant SNI 71123 (+45); Company size indicates purchasing capacity (+20); Recently retrieved source data (+5),71123,Stockholm,Stockholm,"Box 106, 121 22, Johanneshov",84,361209 kSEK (2025),,Allabolag.se,2026-10-01T10:53:45.022362+00:00,,,,,,,
Tekniska Verken i Kiruna Aktiebolag,,5562043439,70,Relevant SNI 71121 (+45); Company size indicates purchasing capacity (+20); Recently retrieved source data (+5),81230; 43120; 71121; 36000; 37000; 42990,Kiruna,Norrbotten,"981 85, Kiruna",97,246359 kSEK (2025),,Allabolag.se,2026-10-01T10:53:56.526811+00:00,,,,,,,
Tenant & Partner AB,,5566813977,70,Relevant SNI 71121 (+45); Company size indicates purchasing capacity (+20); Recently retrieved source data (+5),70200; 71121,Stockholm,Stockholm,"Box 22568, 104 22, Stockholm",49,126088 kSEK (2025),,Allabolag.se,2026-10-01T10:54:36.664997+00:00,,,,,,,
Tenet AB,,5568496383,70,Relevant SNI 71121 (+45); Company size indicates purchasing capacity (+20); Recently retrieved source data (+5),41000; 71121; 43999,Stockholm,Stockholm,"Textilgatan 29 a, 120 30, Stockholm",27,414139 kSEK (2025),,Allabolag.se,2026-10-01T10:53:35.553636+00:00,,,,,,,
Tengbomgruppen Aktiebolag,,5563299113,70,Relevant SNI 71110 (+45); Company size indicates purchasing capacity (+20); Recently retrieved source data (+5),71110; 74130; 71121; 74110,Stockholm,Stockholm,"Box 1230, 111 82, Stockholm",287,422544 kSEK (2025),,Allabolag.se,2026-10-01T10:53:35.341229+00:00,,,,,,,
TG Tunnelgruppen AB,,5593281289,70,Relevant SNI 71121 (+45); Company size indicates purchasing capacity (+20); Recently retrieved source data (+5),78201; 71121,Sollefteå,Västernorrland,"c/o Therése Åhman, Bjursta 204, 881 93, Sollefteå",42,241048 kSEK (2025),,Allabolag.se,2026-10-01T10:53:56.526960+00:00,,,,,,,
Thomas Betong AB,,5562763655,70,Relevant SNI 71121 (+45); Company size indicates purchasing capacity (+20); Recently retrieved source data (+5),23630; 23610; 71121; 68201; 70100; 46831,Göteborg,Västra Götaland,"Box 5162, 402 26, Göteborg",435,1855127 kSEK (2025),,Allabolag.se,2026-10-01T10:53:14.975865+00:00,,,,,,,
Together Tech AB,,5565764668,70,Relevant SNI 71122 (+45); Company size indicates purchasing capacity (+20); Recently retrieved source data (+5),71122,Göteborg,Västra Götaland,"Klippan 1 a, 414 51, Göteborg",141,145605 kSEK (2025),,Allabolag.se,2026-10-01T10:54:26.770591+00:00,,,,,,,
Toyota Material Handling Europe AB,,5564919537,70,Relevant SNI 71122 (+45); Company size indicates purchasing capacity (+20); Recently retrieved source data (+5),62201; 71122,Mjölby,Östergötland,"595 81, Mjölby",282,1797000 kSEK (2025),,Allabolag.se,2026-10-01T10:53:14.976108+00:00,,,,,,,
TR Sweden AB,,5563009769,70,Relevant SNI 71122 (+45); Company size indicates purchasing capacity (+20); Recently retrieved source data (+5),46841; 52260; 71122; 52100,Nacka,Stockholm,"Smedjegatan 6, 131 54, Nacka",31,188797 kSEK (2025),,Allabolag.se,2026-10-01T10:54:06.644425+00:00,,,,,,,
Transtema Charge AB,,5591793772,70,Relevant SNI 71123 (+45); Company size indicates purchasing capacity (+20); Recently retrieved source data (+5),62100; 71123,Mölndal,Västra Götaland,"Flöjelbergsgatan 12, 431 37, Mölndal",29,112854 kSEK (2025),,Allabolag.se,2026-10-01T10:54:46.045990+00:00,,,,,,,
TRATON AB,,5565289104,70,Relevant SNI 71122 (+45); Company size indicates purchasing capacity (+20); Recently retrieved source data (+5),71122,Södertälje,Stockholm,"c/o Scania CV AB, 151 87, Södertälje",210,370562 kSEK (2024),,Allabolag.se,2026-10-01T10:53:45.022244+00:00,,,,,,,
Triathlon AB,,5565846648,70,Relevant SNI 71129 (+45); Company size indicates purchasing capacity (+20); Recently retrieved source data (+5),70200; 71129,Göteborg,Västra Götaland,"Klippan 3 b, 414 51, Göteborg",117,223329 kSEK (2025),,Allabolag.se,2026-10-01T10:54:04.805737+00:00,,,,,,,
Trident BMC AB,,5566198015,70,Relevant SNI 71124 (+45); Company size indicates purchasing capacity (+20); Recently retrieved source data (+5),43222; 27120; 71124; 43223; 27900,Göteborg,Västra Götaland,"Box 8833 5tr, 402 71, Göteborg",75,654729 kSEK (2025),,Allabolag.se,2026-10-01T10:53:25.448228+00:00,,,,,,,
Trimble AB,,5565509782,70,Relevant SNI 71122 (+45); Company size indicates purchasing capacity (+20); Recently retrieved source data (+5),71122; 26510; 62201; 62100; 62900,Danderyd,Stockholm,"Box 64, 182 11, Danderyd",317,490517 kSEK (2025),,Allabolag.se,2026-10-01T10:53:34.961553+00:00,,,,,,,
TYPSA AB,,5591127039,70,Relevant SNI 71121 (+45); Company size indicates purchasing capacity (+20); Recently retrieved source data (+5),71121,Stockholm,Stockholm,"Barnhusgatan 22, 111 23, Stockholm",15,107737 kSEK (2025),,Allabolag.se,2026-10-01T10:54:54.818131+00:00,,,,,,,
Tyréns Sverige AB,,5561947986,70,Relevant SNI 71121 (+45); Company size indicates purchasing capacity (+20); Recently retrieved source data (+5),71121; 71124; 71129,Stockholm,Stockholm,"Folkungagatan 44, 118 86, Stockholm",1715,2574416 kSEK (2025),,Allabolag.se,2026-10-01T10:53:05.707035+00:00,,,,,,,
Umeå Mark & VA AB,,5568817422,70,Relevant SNI 71121 (+45); Company size indicates purchasing capacity (+20); Recently retrieved source data (+5),43120; 71121,Umeå,Västerbotten,"Mätarvägen 9, 901 33, Umeå",55,186443 kSEK (2025),,Allabolag.se,2026-10-01T10:54:14.835514+00:00,,,,,,,
Upplands Projektbygg AB,,5567466122,70,Relevant SNI 71121 (+45); Company size indicates purchasing capacity (+20); Recently retrieved source data (+5),71121,Tierp,Uppsala,"Tierpsrondellen 10, 815 35, Tierp",12,251378 kSEK (2024),,Allabolag.se,2026-10-01T10:53:55.341978+00:00,,,,,,,
USNR AB,,5560367186,70,Relevant SNI 71122 (+45); Company size indicates purchasing capacity (+20); Recently retrieved source data (+5),46620; 28420; 33120; 28990; 71122,Söderhamn,Gävleborg,"Box 113, 826 23, Söderhamn",169,513988 kSEK (2025),,Allabolag.se,2026-10-01T10:53:25.711482+00:00,,,,,,,
Uvån Hagfors Teknologi AB,,5562643618,70,Relevant SNI 71122 (+45); Company size indicates purchasing capacity (+20); Recently retrieved source data (+5),71122; 25530,Stockholm,Stockholm,"Färögatan 33, 164 51, Kista",30,115330 kSEK (2026),,Allabolag.se,2026-10-01T10:54:46.045797+00:00,,,,,,,
Uw-Tech AB,,5569195539,70,Relevant SNI 71121 (+45); Company size indicates purchasing capacity (+20); Recently retrieved source data (+5),71121; 78201; 71124; 71129; 68209,Falun,Dalarna,"Bondegatan 3 b, 791 62, Falun",42,148305 kSEK (2025),,Allabolag.se,2026-10-01T10:54:26.033280+00:00,,,,,,,
VABEKO AB,,5592078850,70,Relevant SNI 71121 (+45); Company size indicates purchasing capacity (+20); Recently retrieved source data (+5),42222; 71121; 64994; 68203,Stockholm,Stockholm,"Bällstaågatan 22, 168 70, Bromma",48,128659 kSEK (2025),,Allabolag.se,2026-10-01T10:54:36.664931+00:00,,,,,,,
Vandewiele Sweden AB,,5565129417,70,Relevant SNI 71122 (+45); Company size indicates purchasing capacity (+20); Recently retrieved source data (+5),27110; 28940; 27120; 71122,Ulricehamn,Västra Götaland,"Box 54, 523 22, Ulricehamn",277,833552 kSEK (2025),,Allabolag.se,2026-10-01T10:53:24.784659+00:00,,,,,,,
Vatten och Avfallskompetens i Norr AB,,5590288899,70,Relevant SNI 71124 (+45); Company size indicates purchasing capacity (+20); Recently retrieved source data (+5),37000; 43221; 38220; 71124; 70100; 36000,Umeå,Västerbotten,"Box 4038, 904 02, Umeå",192,226548 kSEK (2025),,Allabolag.se,2026-10-01T10:54:04.805556+00:00,,,,,,,
Vattenfall Vindkraft Aktiebolag,,5567310866,70,Relevant SNI 71121 (+45); Company size indicates purchasing capacity (+20); Recently retrieved source data (+5),71121; 35120; 68120; 33120,Solna,Stockholm,"Evenemangsgatan 13, 169 92, Stockholm",170,363778 kSEK (2025),,Allabolag.se,2026-10-01T10:53:45.022326+00:00,,,,,,,
Veako AB,,5591185011,70,Relevant SNI 71121 (+45); Company size indicates purchasing capacity (+20); Recently retrieved source data (+5),43120; 71121,Mölndal,Västra Götaland,"Möbelgatan 11, 431 33, Mölndal",17,269601 kSEK (2025),,Allabolag.se,2026-10-01T10:53:54.768940+00:00,,,,,,,
Veg Tech AB,,5563013472,70,Relevant SNI 71121 (+45); Company size indicates purchasing capacity (+20); Recently retrieved source data (+5),01302; 81300; 01301; 71121; 71200; 01610,Alvesta,Kronoberg,"Fagerås 1, 342 52, Vislanda",54,158851 kSEK (2024),,Allabolag.se,2026-10-01T10:54:25.373647+00:00,,,,,,,
Veidekke Grundläggning AB,,5568537947,70,Relevant SNI 71122 (+45); Company size indicates purchasing capacity (+20); Recently retrieved source data (+5),71122,Håbo,Uppsala,"Box 1503, 172 29, Sundbyberg",47,202531 kSEK (2025),,Allabolag.se,2026-10-01T10:54:05.678006+00:00,,,,,,,
VEO AB,,5567261648,70,Relevant SNI 71123 (+45); Company size indicates purchasing capacity (+20); Recently retrieved source data (+5),71123,Västerås,Västmanland,"Ängsgärdsgatan 4 3tr, 721 30, Västerås",21,262793 kSEK (2025),,Allabolag.se,2026-10-01T10:53:54.769134+00:00,,,,,,,
Versigent Contract Services Sweden AB,,5565417770,70,Relevant SNI 71122 (+45); Company size indicates purchasing capacity (+20); Recently retrieved source data (+5),62201; 71122,Göteborg,Västra Götaland,"Karlavagnstorget 2 b, 417 50, Göteborg",167,4348832 kSEK (2024),,Allabolag.se,2026-10-01T10:53:05.572942+00:00,,,,,,,
Vertiv Sweden AB,,5565774469,70,Relevant SNI 71123 (+45); Company size indicates purchasing capacity (+20); Recently retrieved source data (+5),71123,Stockholm,Stockholm,"Textilgatan 29 a, 120 30, Stockholm",29,116329 kSEK (2025),,Allabolag.se,2026-10-01T10:54:45.541007+00:00,,,,,,,
Vinnergi AB,,5567137962,70,Relevant SNI 71129 (+45); Company size indicates purchasing capacity (+20); Recently retrieved source data (+5),71129; 71123; 71124; 71122; 43210,Borås,Västra Götaland,"Platensgatan 26, 582 20, Linköping",381,615989 kSEK (2025),,Allabolag.se,2026-10-01T10:53:25.548148+00:00,,,,,,,
Visimind AB,,5565901559,70,Relevant SNI 71123 (+45); Company size indicates purchasing capacity (+20); Recently retrieved source data (+5),46641; 71123; 62100,Solna,Stockholm,"Industrivägen 7 4tr, 171 48, Solna",15,183832 kSEK (2025),,Allabolag.se,2026-10-01T10:54:15.445603+00:00,,,,,,,
Volvo Construction Equipment AB,,5560219338,70,Relevant SNI 71122 (+45); Company size indicates purchasing capacity (+20); Recently retrieved source data (+5),28920; 72109; 46630; 71122; 70100,Eskilstuna,Södermanland,"631 85, Eskilstuna",4475,52896179 kSEK (2025),,Allabolag.se,2026-10-01T10:53:05.210622+00:00,,,,,,,
Volvo Powertrain Aktiebolag,,5560000753,70,Relevant SNI 71122 (+45); Company size indicates purchasing capacity (+20); Recently retrieved source data (+5),29102; 29320; 28110; 28150; 70100; 71122; 70200,Göteborg,Västra Götaland,"405 08, Göteborg",24879,32641904 kSEK (2025),,Allabolag.se,2026-10-01T10:53:05.210910+00:00,,,,,,,
Volvo Technology AB,,5565424321,70,Relevant SNI 71122 (+45); Company size indicates purchasing capacity (+20); Recently retrieved source data (+5),72109; 71200; 70100; 71122,Göteborg,Västra Götaland,"405 08, Göteborg",4021,14754277 kSEK (2025),,Allabolag.se,2026-10-01T10:53:05.210983+00:00,,,,,,,
Västra Mälardalens Energi och Miljö AB,,5566683586,70,Relevant SNI 71124 (+45); Company size indicates purchasing capacity (+20); Recently retrieved source data (+5),42110; 42990; 81300; 35300; 36000; 37000; 84130; 71124; 43221,Köping,Västmanland,"Box 34, 731 21, Köping",100,456395 kSEK (2025),,Allabolag.se,2026-10-01T10:53:35.340451+00:00,,,,,,,
Wahlings Installationsservice Aktiebolag,,5561019836,70,Relevant SNI 71123 (+45); Company size indicates purchasing capacity (+20); Recently retrieved source data (+5),43223; 71123; 71124; 43210; 43221,Stockholm,Stockholm,"Voltavägen 17 7tr, 168 69, Bromma",39,95343 kSEK (2025),,Allabolag.se,2026-10-01T10:55:04.885927+00:00,,,,,,,
Wais AB,,5568538812,70,Relevant SNI 71122 (+45); Company size indicates purchasing capacity (+20); Recently retrieved source data (+5),71122; 71124,Varberg,Halland,"Järnvägsvägen 16, 432 95, Varberg",12,93518 kSEK (2025),,Allabolag.se,2026-10-01T10:55:04.886255+00:00,,,,,,,
Wallbergs i Hennan AB,,5565653994,70,Relevant SNI 71121 (+45); Company size indicates purchasing capacity (+20); Recently retrieved source data (+5),43991; 08120; 16111; 71121,Ljusdal,Gävleborg,"Bränta Färilavägen 43, 827 94, Ljusdal",61,301011 kSEK (2025),,Allabolag.se,2026-10-01T10:53:45.584517+00:00,,,,,,,
Westermo Network Technologies AB,,5563612604,70,Relevant SNI 71122 (+45); Company size indicates purchasing capacity (+20); Recently retrieved source data (+5),71122; 26300; 62201; 72200; 46501,Västerås,Västmanland,"Metallverksgatan 6 3tr, 721 30, Västerås",214,742724 kSEK (2025),,Allabolag.se,2026-10-01T10:53:25.447994+00:00,,,,,,,
Wingårdh och Medarbetare Aktiebolag,,5564898491,70,Relevant SNI 71110 (+45); Company size indicates purchasing capacity (+20); Recently retrieved source data (+5),71110; 74130,Göteborg,Västra Götaland,"Kungsgatan 10 a, 411 19, Göteborg",86,110105 kSEK (2025),,Allabolag.se,2026-10-01T10:54:46.758891+00:00,,,,,,,
Winthrop Technologies Sweden AB,,5592128176,70,Relevant SNI 71123 (+45); Company size indicates purchasing capacity (+20); Recently retrieved source data (+5),71123; 71121; 71124,Malmö,Skåne,"c/o Flood Herslow Holme Advokatbyrå AB, Skeppsbron 7, 211 20, Malmö",169,4069483 kSEK (2024),,Allabolag.se,2026-10-01T10:53:05.573067+00:00,,,,,,,
Wipro Infrastructure Engineering AB,,5565750832,70,Relevant SNI 71122 (+45); Company size indicates purchasing capacity (+20); Recently retrieved source data (+5),28120; 71122,Skellefteå,Västerbotten,"Maskinvägen 13, 931 37, Skellefteå",106,473172 kSEK (2025),,Allabolag.se,2026-10-01T10:53:34.961732+00:00,,,,,,,
Worley Sverige AB,,5566354048,70,Relevant SNI 71122 (+45); Company size indicates purchasing capacity (+20); Recently retrieved source data (+5),71122,Kungälv,Västra Götaland,"Bultgatan 40, 442 40, Kungälv",92,187403 kSEK (2025),,Allabolag.se,2026-10-01T10:54:14.835381+00:00,,,,,,,
Worxsafe AB,,5568317167,70,Relevant SNI 71122 (+45); Company size indicates purchasing capacity (+20); Recently retrieved source data (+5),71122; 52249,Östersund,Jämtland,"Nifsåsvägen 9, 831 52, Östersund",13,263401 kSEK (2025),,Allabolag.se,2026-10-01T10:53:54.769074+00:00,,,,,,,
WP Welding AB,,5567961718,70,Relevant SNI 71121 (+45); Company size indicates purchasing capacity (+20); Recently retrieved source data (+5),43221; 71121,Lysekil,Västra Götaland,"c/o Sjöson, Masthamnsgatan 5, 413 27, Göteborg",75,600722 kSEK (2025),,Allabolag.se,2026-10-01T10:53:25.548187+00:00,,,,,,,
WSP Sverige AB,,5560574880,70,Relevant SNI 71129 (+45); Company size indicates purchasing capacity (+20); Recently retrieved source data (+5),71129; 71124,Stockholm,Stockholm,"Stambanegatan 17, 117 60, Stockholm",3651,5250632 kSEK (2025),,Allabolag.se,2026-10-01T10:53:05.360283+00:00,,,,,,,
Zengun AB,,5567799456,70,Relevant SNI 71121 (+45); Company size indicates purchasing capacity (+20); Recently retrieved source data (+5),41000; 71121,Stockholm,Stockholm,"Box 6196, 102 33, Stockholm",125,2220977 kSEK (2025),,Allabolag.se,2026-10-01T10:53:05.707278+00:00,,,,,,,
Zipwake AB,,5569823692,70,Relevant SNI 71122 (+45); Company size indicates purchasing capacity (+20); Recently retrieved source data (+5),47633; 71122,Göteborg,Västra Götaland,"Skeppet Ärans Väg 3, 426 71, Västra Frölunda",10,129597 kSEK (2025),,Allabolag.se,2026-10-01T10:54:36.664641+00:00,,,,,,,
